APC	ENSG00000134982	ENST00000257430	protein_coding	1	1	0	1	0	0	0	0	0	0	1	0	2	0	0	0	1	0	0	0	0
APC	ENSG00000134982	ENST00000508376	protein_coding	1	1	0	1	0	0	0	0	0	0	1	0	2	0	0	0	1	0	0	0	0
APC	ENSG00000134982	ENST00000509732	protein_coding	1	0	0	5	0	0	0	0	0	0	1	0	1	0	0	0	0	0	0	0	4
APC	ENSG00000134982	ENST00000512211	protein_coding	1	1	0	1	0	0	0	0	0	0	1	0	2	0	0	0	1	0	0	0	0
AR	ENSG00000169083	ENST00000374690	protein_coding	1	0	3	20	1	0	0	0	1	1	1	0	18	2	0	0	1	0	0	0	0
AR	ENSG00000169083	ENST00000396044	protein_coding	1	0	3	19	0	0	0	0	1	1	1	0	18	2	0	0	1	0	0	0	0
AR	ENSG00000169083	ENST00000504326	protein_coding	1	0	3	5	1	0	0	0	1	1	1	0	3	2	0	0	1	0	0	0	0
ATM	ENSG00000149311	ENST00000452508	protein_coding	1	2	0	10	0	0	0	0	0	0	1	0	11	0	0	0	2	0	0	1	0
ATM	ENSG00000149311	ENST00000675843	protein_coding	1	2	0	10	0	0	0	0	0	0	1	0	11	0	0	0	2	0	0	1	0
ATR	ENSG00000175054	ENST00000350721	protein_coding	1	0	2	5	0	0	0	0	0	0	0	0	6	2	0	1	0	0	0	0	0
ATR	ENSG00000175054	ENST00000661310	protein_coding	1	0	2	5	0	0	0	0	0	0	0	0	6	2	0	1	0	0	0	0	0
AXIN2	ENSG00000168646	ENST00000307078	protein_coding	1	0	0	4	0	0	0	0	0	0	1	0	4	0	0	0	0	0	0	0	0
AXIN2	ENSG00000168646	ENST00000375702	protein_coding	1	0	0	4	0	0	0	0	0	0	1	0	4	0	0	0	0	0	0	0	0
AXIN2	ENSG00000168646	ENST00000618960	protein_coding	1	0	0	4	0	0	0	0	0	0	1	0	4	0	0	0	0	0	0	0	0
BIVM-ERCC5	ENSG00000270181	ENST00000639132	protein_coding	1	1	3	2	0	0	0	0	0	0	1	0	2	3	0	0	0	0	0	1	0
BIVM-ERCC5	ENSG00000270181	ENST00000639435	protein_coding	1	1	3	2	0	0	0	0	0	0	1	0	2	3	0	0	0	0	0	1	0
BRCA2	ENSG00000139618	ENST00000380152	protein_coding	1	2	1	5	0	0	0	0	0	0	1	0	6	1	0	0	1	0	0	1	0
BRCA2	ENSG00000139618	ENST00000530893	protein_coding	1	1	0	6	0	0	0	0	0	3	1	0	4	0	0	0	2	0	0	0	0
BRCA2	ENSG00000139618	ENST00000544455	protein_coding	1	2	1	5	0	0	0	0	0	0	1	0	6	1	0	0	1	0	0	1	0
BRCA2	ENSG00000139618	ENST00000680887	protein_coding	1	2	1	5	0	0	0	0	0	0	1	0	6	1	0	0	1	0	0	1	0
CASR	ENSG00000036828	ENST00000498619	protein_coding	1	0	1	0	0	0	0	0	0	0	1	0	0	1	0	0	0	0	0	0	0
CASR	ENSG00000036828	ENST00000638421	protein_coding	1	0	1	0	0	0	0	0	0	0	1	0	0	1	0	0	0	0	0	0	0
CASR	ENSG00000036828	ENST00000639785	protein_coding	1	0	1	0	0	0	0	0	0	0	1	0	0	1	0	0	0	0	0	0	0
CCNE1	ENSG00000105173	ENST00000262643	protein_coding	2	1	0	5	1	0	0	0	0	0	2	0	4	0	0	0	0	0	0	1	0
CCNE1	ENSG00000105173	ENST00000357943	protein_coding	2	1	0	5	1	0	0	0	0	0	2	0	3	0	0	0	0	0	0	1	1
CCNE1	ENSG00000105173	ENST00000444983	protein_coding	2	1	0	5	1	0	0	0	0	0	2	0	3	0	0	0	0	0	0	1	1
CCNE1	ENSG00000105173	ENST00000576532	protein_coding	2	1	0	5	1	0	0	0	0	0	2	0	2	0	0	0	0	0	0	1	2
CD74	ENSG00000019582	ENST00000009530	protein_coding	1	0	0	2	1	0	0	0	0	0	1	0	1	0	0	0	0	0	0	0	0
CD74	ENSG00000019582	ENST00000353334	protein_coding	1	0	0	2	1	0	0	0	0	0	1	0	1	0	0	0	0	0	0	0	0
CDC73	ENSG00000134371	ENST00000367435	protein_coding	1	1	0	2	1	0	0	0	0	0	1	0	2	0	0	0	1	0	0	0	0
CDC73	ENSG00000134371	ENST00000635846	protein_coding	1	0	0	3	1	0	0	0	0	0	1	0	2	0	0	0	0	0	0	0	0
DIS3L2	ENSG00000144535	ENST00000325385	protein_coding	1	1	0	3	0	0	0	0	0	0	1	0	3	0	0	0	0	0	0	1	0
DIS3L2	ENSG00000144535	ENST00000418143	protein_coding	1	0	0	1	0	0	0	0	0	0	1	0	0	0	0	0	0	0	0	0	1
EMSY	ENSG00000158636	ENST00000334736	protein_coding	2	1	0	2	0	0	0	0	0	0	2	0	3	0	0	0	1	0	0	0	0
EMSY	ENSG00000158636	ENST00000524451	protein_coding	1	1	0	1	0	0	0	0	0	1	1	0	1	0	0	0	1	0	0	0	0
EMSY	ENSG00000158636	ENST00000524490	protein_coding	2	1	0	2	0	0	0	0	0	0	2	0	3	0	0	0	1	0	0	0	0
EMSY	ENSG00000158636	ENST00000524767	protein_coding	2	1	0	2	0	0	0	0	0	0	2	0	1	0	0	0	1	0	0	0	2
EMSY	ENSG00000158636	ENST00000525038	protein_coding	2	1	0	2	0	0	0	0	0	0	2	0	1	0	0	0	1	0	0	0	2
EMSY	ENSG00000158636	ENST00000525919	protein_coding	2	1	0	2	0	0	0	0	0	0	2	0	1	0	0	0	1	0	0	0	2
EMSY	ENSG00000158636	ENST00000529032	protein_coding	2	1	0	2	0	0	0	0	0	0	2	0	1	0	0	0	1	0	0	0	2
EMSY	ENSG00000158636	ENST00000532719	protein_coding	1	1	0	0	0	0	0	0	0	0	1	0	1	0	0	0	1	0	0	0	0
EMSY	ENSG00000158636	ENST00000533248	protein_coding	2	1	0	2	0	0	0	0	0	0	2	0	1	0	0	0	1	0	0	0	2
ENSG00000142539	ENSG00000142539	ENST00000599632	protein_coding	1	0	0	4	0	0	0	0	0	0	1	0	3	0	0	0	0	0	0	0	1
ENSG00000283782	ENSG00000283782	ENST00000638452	protein_coding	2	0	0	1	0	0	0	0	0	0	0	0	2	0	0	1	0	1	0	0	0
ENSG00000283782	ENSG00000283782	ENST00000638568	protein_coding	2	0	0	1	0	0	0	0	0	0	0	0	2	0	0	1	0	1	0	0	0
ENSG00000283782	ENSG00000283782	ENST00000640655	protein_coding	2	0	0	1	0	0	0	0	0	0	0	0	2	0	0	1	0	1	0	0	0
ERCC5	ENSG00000134899	ENST00000652225	protein_coding	1	1	3	2	0	0	0	0	0	0	1	0	2	3	0	0	0	0	0	1	0
ERCC5	ENSG00000134899	ENST00000652613	protein_coding	1	1	3	3	0	1	1	0	0	0	1	0	2	3	0	0	0	0	0	0	0
ERCC6	ENSG00000225830	ENST00000355832	protein_coding	1	1	1	4	0	0	0	0	1	0	1	0	5	0	0	0	1	0	0	0	0
ERCC6	ENSG00000225830	ENST00000681659	protein_coding	1	1	1	4	0	0	0	0	1	0	1	0	5	0	0	0	1	0	0	0	0
ERG	ENSG00000157554	ENST00000288319	protein_coding	1	1	3	2	0	0	0	0	0	0	0	0	2	3	0	0	0	1	0	1	0
ERG	ENSG00000157554	ENST00000398897	protein_coding	1	1	3	2	0	0	0	0	0	0	0	0	2	3	0	0	0	1	0	1	0
ERG	ENSG00000157554	ENST00000398905	protein_coding	1	1	3	2	0	0	0	0	0	0	0	0	2	3	0	0	0	1	0	1	0
ERG	ENSG00000157554	ENST00000398907	protein_coding	1	1	3	2	0	0	0	0	0	0	0	0	2	3	0	0	0	1	0	1	0
ERG	ENSG00000157554	ENST00000398910	protein_coding	1	1	3	2	0	0	0	0	0	0	0	0	2	3	0	0	0	1	0	1	0
ERG	ENSG00000157554	ENST00000398911	protein_coding	1	1	3	2	0	0	0	0	0	0	0	0	2	3	0	0	0	1	0	1	0
ERG	ENSG00000157554	ENST00000398919	protein_coding	1	1	3	2	0	0	0	0	0	0	0	0	2	3	0	0	0	1	0	1	0
ERG	ENSG00000157554	ENST00000417133	protein_coding	1	1	3	2	0	0	0	0	0	0	0	0	2	3	0	0	0	1	0	1	0
ERG	ENSG00000157554	ENST00000442448	protein_coding	1	1	3	2	0	0	0	0	0	0	0	0	2	3	0	0	0	1	0	1	0
ERG	ENSG00000157554	ENST00000453032	protein_coding	1	1	3	2	0	0	0	0	0	0	0	0	2	3	0	0	0	1	0	1	0
EWSR1	ENSG00000182944	ENST00000331029	protein_coding	1	0	0	8	0	0	0	0	0	0	1	0	8	0	0	0	0	0	0	0	0
EWSR1	ENSG00000182944	ENST00000332035	protein_coding	1	0	0	8	0	0	0	0	0	0	1	0	8	0	0	0	0	0	0	0	0
EWSR1	ENSG00000182944	ENST00000332050	protein_coding	1	0	0	8	0	0	0	0	0	0	1	0	8	0	0	0	0	0	0	0	0
EWSR1	ENSG00000182944	ENST00000333395	protein_coding	1	0	0	7	0	0	0	0	0	2	1	0	5	0	0	0	0	0	0	0	0
EWSR1	ENSG00000182944	ENST00000397938	protein_coding	1	0	0	8	0	0	0	0	0	0	1	0	8	0	0	0	0	0	0	0	0
EWSR1	ENSG00000182944	ENST00000406548	protein_coding	1	0	0	8	0	0	0	0	0	0	1	0	8	0	0	0	0	0	0	0	0
EWSR1	ENSG00000182944	ENST00000414183	protein_coding	1	0	0	8	0	0	0	0	0	0	1	0	8	0	0	0	0	0	0	0	0
EWSR1	ENSG00000182944	ENST00000437155	protein_coding	1	0	0	5	0	0	0	0	0	0	1	0	5	0	0	0	0	0	0	0	0
EWSR1	ENSG00000182944	ENST00000455726	protein_coding	1	0	0	5	0	0	0	0	0	0	1	0	5	0	0	0	0	0	0	0	0
EWSR1	ENSG00000182944	ENST00000629659	protein_coding	1	0	0	8	0	0	0	0	0	0	1	0	8	0	0	0	0	0	0	0	0
FANCA	ENSG00000187741	ENST00000389301	protein_coding	1	1	0	10	0	0	0	0	0	0	1	0	11	0	0	0	1	0	0	0	0
FANCA	ENSG00000187741	ENST00000568369	protein_coding	1	1	0	10	0	0	0	0	0	0	1	0	11	0	0	0	1	0	0	0	0
FANCD2	ENSG00000144554	ENST00000287647	protein_coding	1	1	0	10	0	0	0	0	0	0	1	0	10	0	0	0	0	0	0	1	0
FANCD2	ENSG00000144554	ENST00000419585	protein_coding	1	1	0	10	0	0	0	0	0	0	1	0	10	0	0	0	0	0	0	1	0
FANCD2	ENSG00000144554	ENST00000675286	protein_coding	1	1	0	10	0	0	0	0	0	0	1	0	10	0	0	0	0	0	0	1	0
FANCD2	ENSG00000144554	ENST00000676013	protein_coding	1	1	0	10	0	0	0	0	0	0	1	0	10	0	0	0	0	0	0	1	0
FANCE	ENSG00000112039	ENST00000229769	protein_coding	1	0	0	2	0	0	0	0	0	0	1	0	2	0	0	0	0	0	0	0	0
FGFR4	ENSG00000160867	ENST00000292408	protein_coding	1	1	2	4	0	0	0	0	0	0	1	0	4	2	0	0	0	0	0	1	0
FGFR4	ENSG00000160867	ENST00000393637	protein_coding	1	1	2	4	0	0	0	0	0	0	1	0	4	2	0	0	0	0	0	1	0
FGFR4	ENSG00000160867	ENST00000502906	protein_coding	1	1	2	4	0	0	0	0	0	0	1	0	4	2	0	0	0	0	0	1	0
FGFR4	ENSG00000160867	ENST00000511076	protein_coding	1	0	0	7	0	0	0	0	0	1	1	0	1	0	0	0	0	0	0	0	5
FLT3	ENSG00000122025	ENST00000241453	protein_coding	1	0	0	4	0	0	0	0	0	0	1	0	4	0	0	0	0	0	0	0	0
GNAQ	ENSG00000156052	ENST00000286548	protein_coding	1	0	0	3	0	0	0	0	0	0	1	0	3	0	0	0	0	0	0	0	0
MAP2K1	ENSG00000169032	ENST00000307102	protein_coding	1	1	0	4	0	0	0	0	0	0	1	0	4	0	0	0	0	0	0	1	0
MAP2K1	ENSG00000169032	ENST00000566326	protein_coding	1	1	0	1	0	0	0	0	0	0	1	0	1	0	0	0	0	0	0	1	0
MAP2K1	ENSG00000169032	ENST00000685172	protein_coding	1	1	0	4	0	0	0	0	0	0	1	0	4	0	0	0	0	0	0	1	0
MAP2K1	ENSG00000169032	ENST00000685763	protein_coding	1	1	0	4	0	0	0	0	0	0	1	0	4	0	0	0	0	0	0	1	0
MAP2K1	ENSG00000169032	ENST00000689951	protein_coding	1	1	0	4	0	0	0	0	0	0	1	0	4	0	0	0	0	0	0	1	0
MAP2K1	ENSG00000169032	ENST00000691576	protein_coding	1	1	0	4	0	0	0	0	0	0	1	0	4	0	0	0	0	0	0	1	0
MAP2K1	ENSG00000169032	ENST00000691937	protein_coding	1	1	0	4	0	0	0	0	0	0	1	0	4	0	0	0	0	0	0	1	0
MAP2K1	ENSG00000169032	ENST00000692683	protein_coding	1	1	0	4	0	0	0	0	0	0	1	0	4	0	0	0	0	0	0	1	0
MAP2K1	ENSG00000169032	ENST00000693150	protein_coding	1	1	0	4	0	0	0	0	0	0	1	0	4	0	0	0	0	0	0	1	0
MCPH1	ENSG00000147316	ENST00000344683	protein_coding	1	0	3	6	0	0	0	0	0	0	0	0	7	3	1	0	0	0	0	0	0
MCPH1	ENSG00000147316	ENST00000689348	protein_coding	1	0	3	6	0	0	0	0	0	0	0	0	7	3	1	0	0	0	0	0	0
MCPH1	ENSG00000147316	ENST00000689633	protein_coding	1	0	1	8	0	0	0	0	0	0	0	0	9	1	1	0	0	0	0	0	0
MCPH1	ENSG00000147316	ENST00000690708	protein_coding	1	0	2	7	0	0	0	0	0	0	0	0	8	2	1	0	0	0	0	0	0
MYC	ENSG00000136997	ENST00000259523	protein_coding	1	0	0	0	0	0	0	0	0	0	0	0	0	0	0	0	0	0	1	0	0
NOTCH1	ENSG00000148400	ENST00000651671	protein_coding	2	2	8	10	0	0	0	0	0	0	1	0	10	8	0	0	0	1	0	2	0
NOTCH1	ENSG00000148400	ENST00000680133	protein_coding	2	2	8	10	0	0	0	0	0	0	1	0	10	8	0	0	0	1	0	2	0
NOTCH1	ENSG00000148400	ENST00000680218	protein_coding	2	2	8	10	0	0	0	0	0	0	1	0	10	8	0	0	0	1	0	2	0
NOTCH1	ENSG00000148400	ENST00000680668	protein_coding	2	2	8	10	0	0	0	0	0	0	1	0	10	8	0	0	0	1	0	2	0
NOTCH1	ENSG00000148400	ENST00000680778	protein_coding	1	2	4	9	0	0	0	0	0	0	0	0	4	4	0	0	0	1	0	2	5
NOTCH3	ENSG00000074181	ENST00000263388	protein_coding	1	1	4	5	0	0	0	0	0	0	1	0	5	4	0	0	0	0	0	1	0
NOTCH3	ENSG00000074181	ENST00000601011	protein_coding	1	1	0	6	0	0	0	0	0	1	1	0	5	0	0	0	0	0	0	1	0
NOTCH4	ENSG00000204301	ENST00000375023	protein_coding	1	5	2	11	1	1	1	0	0	0	1	0	9	2	0	0	0	0	0	4	0
NRG1	ENSG00000157168	ENST00000520407	protein_coding	1	0	0	70	0	0	0	0	0	0	1	0	69	0	0	0	0	0	0	0	1
NRG1	ENSG00000157168	ENST00000614767	protein_coding	1	0	0	1	0	0	0	0	0	0	1	0	0	0	0	0	0	0	0	0	1
NTRK3	ENSG00000140538	ENST00000317501	protein_coding	1	1	0	115	1	0	0	0	0	2	1	0	111	0	0	0	0	0	0	1	1
NTRK3	ENSG00000140538	ENST00000355254	protein_coding	2	1	0	155	0	0	0	0	0	0	1	0	156	0	0	1	0	0	0	1	0
NTRK3	ENSG00000140538	ENST00000357724	protein_coding	2	1	0	155	0	0	0	0	0	0	1	0	156	0	0	1	0	0	0	1	0
NTRK3	ENSG00000140538	ENST00000360948	protein_coding	2	1	0	155	0	0	0	0	0	0	1	0	156	0	0	1	0	0	0	1	0
NTRK3	ENSG00000140538	ENST00000394480	protein_coding	2	1	0	155	0	0	0	0	0	0	1	0	156	0	0	1	0	0	0	1	0
NTRK3	ENSG00000140538	ENST00000540489	protein_coding	2	1	0	113	0	0	0	0	0	2	1	0	112	0	0	1	0	0	0	1	0
NTRK3	ENSG00000140538	ENST00000542733	protein_coding	1	1	0	154	0	0	0	0	0	0	1	0	154	0	0	0	0	0	0	1	0
NTRK3	ENSG00000140538	ENST00000557856	protein_coding	1	1	0	156	0	0	0	0	0	0	1	0	155	0	0	0	0	0	0	1	1
NTRK3	ENSG00000140538	ENST00000558676	protein_coding	1	1	0	155	0	0	0	0	0	0	1	0	154	0	0	0	0	0	0	1	1
NTRK3	ENSG00000140538	ENST00000626019	protein_coding	1	1	0	156	0	0	0	0	0	0	1	0	155	0	0	0	0	0	0	1	1
NTRK3	ENSG00000140538	ENST00000629765	protein_coding	1	1	0	156	0	0	0	0	0	0	1	0	155	0	0	0	0	0	0	1	1
POLD1	ENSG00000062822	ENST00000440232	protein_coding	2	2	3	7	2	0	0	1	0	0	1	0	6	2	0	0	1	1	0	1	0
POLD1	ENSG00000062822	ENST00000593407	protein_coding	1	0	1	6	0	0	0	0	0	2	1	0	1	1	0	0	0	0	0	0	3
POLD1	ENSG00000062822	ENST00000593887	protein_coding	2	2	3	7	0	0	0	1	0	2	1	0	6	2	0	0	1	1	0	1	0
POLD1	ENSG00000062822	ENST00000595904	protein_coding	3	3	3	5	2	0	0	1	0	0	2	0	5	2	0	0	2	1	0	1	0
POLD1	ENSG00000062822	ENST00000599857	protein_coding	2	2	3	7	2	0	0	1	0	0	1	0	6	2	0	0	1	1	0	1	0
POLD1	ENSG00000062822	ENST00000601098	protein_coding	2	2	3	7	1	0	0	1	0	1	1	0	6	2	0	0	1	1	0	1	0
POLD1	ENSG00000062822	ENST00000613923	protein_coding	2	3	3	7	2	0	0	1	0	0	1	0	6	2	0	0	2	1	0	1	0
POLD1	ENSG00000062822	ENST00000644560	protein_coding	3	3	3	5	2	0	0	1	0	0	2	0	5	2	0	0	2	1	0	1	0
POLD1	ENSG00000062822	ENST00000687454	protein_coding	2	2	3	7	2	0	0	1	0	0	1	0	6	2	0	0	1	1	0	1	0
RAD50	ENSG00000113522	ENST00000378823	protein_coding	2	0	0	1	0	0	0	0	0	0	0	0	2	0	0	1	0	1	0	0	0
RAD50	ENSG00000113522	ENST00000453394	protein_coding	1	0	0	1	0	0	0	0	0	0	0	0	1	0	0	0	0	1	0	0	0
RAD50	ENSG00000113522	ENST00000455677	protein_coding	1	0	0	0	0	0	0	0	0	0	0	0	1	0	0	1	0	0	0	0	0
RAD50	ENSG00000113522	ENST00000651249	protein_coding	1	0	0	0	0	0	0	0	0	0	0	0	1	0	0	1	0	0	0	0	0
RAD50	ENSG00000113522	ENST00000652485	protein_coding	1	0	0	1	0	0	0	0	0	0	0	0	1	0	0	0	0	1	0	0	0
RB1	ENSG00000139687	ENST00000267163	protein_coding	1	1	0	5	0	0	0	0	0	0	0	0	6	0	0	0	1	1	0	0	0
RB1	ENSG00000139687	ENST00000650461	protein_coding	1	1	0	5	0	0	0	0	0	0	0	0	6	0	0	0	1	1	0	0	0
ROS1	ENSG00000047936	ENST00000368507	protein_coding	2	0	1	19	0	0	0	0	0	0	2	0	19	1	0	0	0	0	0	0	0
ROS1	ENSG00000047936	ENST00000368508	protein_coding	2	0	1	19	0	0	0	0	0	0	2	0	19	1	0	0	0	0	0	0	0
RSPO2	ENSG00000147655	ENST00000276659	protein_coding	1	0	1	0	0	0	0	0	0	0	1	0	0	1	0	0	0	0	0	0	0
RSPO2	ENSG00000147655	ENST00000517781	protein_coding	1	0	1	0	0	0	0	0	0	0	1	0	0	1	0	0	0	0	0	0	0
RSPO2	ENSG00000147655	ENST00000521956	protein_coding	1	0	0	0	0	0	0	0	0	0	1	0	0	0	0	0	0	0	0	0	0
RSPO2	ENSG00000147655	ENST00000522333	protein_coding	1	0	0	0	0	0	0	0	0	0	1	0	0	0	0	0	0	0	0	0	0
TACC3	ENSG00000013810	ENST00000313288	protein_coding	1	2	1	5	0	0	0	0	0	0	1	0	5	1	0	0	0	0	0	2	0
TACC3	ENSG00000013810	ENST00000470136	protein_coding	1	1	1	4	0	0	0	0	0	2	1	0	1	1	0	0	0	0	0	1	1
TACC3	ENSG00000013810	ENST00000651472	protein_coding	1	2	1	5	0	0	0	0	0	0	1	0	5	1	0	0	0	0	0	2	0
TACC3	ENSG00000013810	ENST00000652770	protein_coding	1	2	1	5	0	0	0	0	0	0	1	0	5	1	0	0	0	0	0	2	0
TMEM127	ENSG00000135956	ENST00000258439	protein_coding	1	1	0	0	0	0	0	0	0	0	1	0	0	0	0	0	0	0	0	1	0
TMEM127	ENSG00000135956	ENST00000432959	protein_coding	1	1	0	0	0	0	0	0	0	0	1	0	0	0	0	0	0	0	0	1	0
TMEM127	ENSG00000135956	ENST00000435268	protein_coding	1	1	0	0	0	0	0	0	0	0	1	0	0	0	0	0	0	0	0	1	0
VHL	ENSG00000134086	ENST00000256474	protein_coding	1	0	0	0	0	0	0	0	0	0	1	0	0	0	0	0	0	0	0	0	0
VHL	ENSG00000134086	ENST00000345392	protein_coding	1	0	0	0	0	0	0	0	0	0	1	0	0	0	0	0	0	0	0	0	0
AIP	ENSG00000110711	ENST00000525341	protein_coding	0	0	1	1	0	0	0	0	0	0	0	0	1	1	0	0	0	0	0	0	0
AKT1	ENSG00000142208	ENST00000349310	protein_coding	0	1	2	3	0	0	0	1	0	0	0	0	3	1	0	0	0	0	0	1	0
AKT1	ENSG00000142208	ENST00000402615	protein_coding	0	1	2	3	0	0	0	1	0	0	0	0	3	1	0	0	0	0	0	1	0
AKT1	ENSG00000142208	ENST00000407796	protein_coding	0	1	2	3	0	0	0	1	0	0	0	0	3	1	0	0	0	0	0	1	0
AKT1	ENSG00000142208	ENST00000553797	protein_coding	0	1	2	3	0	0	0	1	0	0	0	0	3	1	0	0	0	0	0	1	0
AKT1	ENSG00000142208	ENST00000554192	protein_coding	0	0	1	4	0	0	0	0	0	0	0	0	2	1	0	0	0	0	0	0	2
AKT1	ENSG00000142208	ENST00000554581	protein_coding	0	1	2	3	0	0	0	1	0	0	0	0	3	1	0	0	0	0	0	1	0
AKT1	ENSG00000142208	ENST00000554848	protein_coding	0	1	2	3	0	0	0	1	0	0	0	0	3	1	0	0	0	0	0	1	0
AKT1	ENSG00000142208	ENST00000555458	protein_coding	0	0	1	4	0	0	0	0	0	0	0	0	2	1	0	0	0	0	0	0	2
AKT1	ENSG00000142208	ENST00000555528	protein_coding	0	1	2	3	0	0	0	1	0	0	0	0	3	1	0	0	0	0	0	1	0
AKT1	ENSG00000142208	ENST00000649815	protein_coding	0	1	2	3	0	0	0	1	0	0	0	0	3	1	0	0	0	0	0	1	0
AKT1	ENSG00000142208	ENST00000683722	protein_coding	0	1	2	3	0	0	0	1	0	0	0	0	3	1	0	0	0	0	0	1	0
AKT2	ENSG00000105221	ENST00000311278	protein_coding	0	0	1	0	0	0	0	0	0	0	0	0	0	1	0	0	1	0	0	0	0
AKT2	ENSG00000105221	ENST00000392038	protein_coding	0	0	1	0	0	0	0	0	0	0	0	0	0	1	0	0	1	0	0	0	0
AKT2	ENSG00000105221	ENST00000424901	protein_coding	0	0	1	0	0	0	0	0	0	0	0	0	0	1	0	0	1	0	0	0	0
AKT2	ENSG00000105221	ENST00000578310	protein_coding	0	0	1	0	0	0	0	0	0	0	0	0	0	1	0	0	1	0	0	0	0
AKT2	ENSG00000105221	ENST00000578615	protein_coding	0	0	1	0	0	0	0	0	0	0	0	0	0	1	0	0	1	0	0	0	0
AKT2	ENSG00000105221	ENST00000579047	protein_coding	0	0	1	0	0	0	0	0	0	0	0	0	0	1	0	0	1	0	0	0	0
ALK	ENSG00000171094	ENST00000389048	protein_coding	0	0	4	8	0	0	1	0	0	0	0	0	7	4	0	0	0	0	0	0	0
ALK	ENSG00000171094	ENST00000453137	protein_coding	0	0	1	5	0	0	0	0	0	1	0	0	0	1	0	0	0	0	0	0	4
ALK	ENSG00000171094	ENST00000618119	protein_coding	0	0	3	7	0	0	0	0	0	0	0	0	7	3	0	0	0	0	0	0	0
ALK	ENSG00000171094	ENST00000642122	protein_coding	0	0	2	7	0	0	1	0	0	0	0	0	3	2	0	0	0	0	0	0	3
AR	ENSG00000169083	ENST00000374690	protein_coding	1	0	3	20	1	0	0	0	1	1	1	0	18	2	0	0	1	0	0	0	0
AR	ENSG00000169083	ENST00000396044	protein_coding	1	0	3	19	0	0	0	0	1	1	1	0	18	2	0	0	1	0	0	0	0
AR	ENSG00000169083	ENST00000504326	protein_coding	1	0	3	5	1	0	0	0	1	1	1	0	3	2	0	0	1	0	0	0	0
ARID1A	ENSG00000117713	ENST00000324856	protein_coding	0	2	6	3	1	0	0	1	2	0	0	0	3	3	0	0	1	0	0	1	0
ARID1A	ENSG00000117713	ENST00000374152	protein_coding	0	2	5	3	0	0	0	1	1	1	0	0	3	3	0	0	1	0	0	1	0
ARID1A	ENSG00000117713	ENST00000430799	protein_coding	0	2	5	4	1	0	0	1	1	0	0	0	4	3	0	0	1	0	0	1	0
ARID1A	ENSG00000117713	ENST00000457599	protein_coding	0	2	6	3	1	0	0	1	2	0	0	0	3	3	0	0	1	0	0	1	0
ARID1A	ENSG00000117713	ENST00000524572	protein_coding	0	0	1	1	0	0	0	0	1	0	0	0	1	0	0	0	0	0	0	0	0
ARID1A	ENSG00000117713	ENST00000636219	protein_coding	0	2	5	3	1	0	0	1	1	0	0	0	3	3	0	0	1	0	0	1	0
ARID1A	ENSG00000117713	ENST00000637465	protein_coding	0	0	1	2	0	0	0	0	1	0	0	0	2	0	0	0	0	0	0	0	0
ARID1B	ENSG00000049618	ENST00000319584	protein_coding	0	1	1	0	0	0	0	0	0	0	0	0	0	1	0	0	0	0	0	1	0
ARID1B	ENSG00000049618	ENST00000346085	protein_coding	0	2	4	0	0	0	0	0	1	0	0	0	0	3	0	0	0	0	0	2	0
ARID1B	ENSG00000049618	ENST00000350026	protein_coding	0	2	4	0	0	0	0	0	1	0	0	0	0	3	0	0	0	0	0	2	0
ARID1B	ENSG00000049618	ENST00000400790	protein_coding	0	0	1	0	0	0	0	0	0	0	0	0	0	1	0	0	0	0	0	0	0
ARID1B	ENSG00000049618	ENST00000414678	protein_coding	0	0	3	3	0	0	0	0	0	0	0	0	1	3	0	0	0	0	0	0	2
ARID1B	ENSG00000049618	ENST00000494260	protein_coding	0	0	1	2	0	0	0	0	0	0	0	0	0	1	0	0	0	0	0	0	2
ARID1B	ENSG00000049618	ENST00000635849	protein_coding	0	1	2	0	0	0	0	0	0	0	0	0	0	2	0	0	0	0	0	1	0
ARID1B	ENSG00000049618	ENST00000635957	protein_coding	0	0	2	0	0	0	0	0	0	0	0	0	0	2	0	0	0	0	0	0	0
ARID1B	ENSG00000049618	ENST00000636607	protein_coding	0	0	1	2	0	0	0	0	0	0	0	0	0	1	0	0	0	0	0	0	2
ARID1B	ENSG00000049618	ENST00000636748	protein_coding	0	0	1	2	0	0	0	0	0	0	0	0	0	1	0	0	0	0	0	0	2
ARID1B	ENSG00000049618	ENST00000636930	protein_coding	0	2	4	0	0	0	0	0	1	0	0	0	0	3	0	0	0	0	0	2	0
ARID1B	ENSG00000049618	ENST00000637015	protein_coding	0	0	2	0	0	0	0	0	0	0	0	0	0	2	0	0	0	0	0	0	0
ARID1B	ENSG00000049618	ENST00000637810	protein_coding	0	1	2	0	0	0	0	0	0	0	0	0	0	2	0	0	0	0	0	1	0
ARID1B	ENSG00000049618	ENST00000637904	protein_coding	0	1	2	0	0	0	0	0	0	0	0	0	0	2	0	0	0	0	0	1	0
ARID1B	ENSG00000049618	ENST00000638000	protein_coding	0	0	1	2	0	0	0	0	0	0	0	0	0	1	0	0	0	0	0	0	2
ARID1B	ENSG00000049618	ENST00000647938	protein_coding	0	2	4	0	0	0	0	0	1	0	0	0	0	3	0	0	0	0	0	2	0
ARID1B	ENSG00000049618	ENST00000674298	protein_coding	0	1	2	0	0	0	0	0	1	0	0	0	0	1	0	0	0	0	0	1	0
ATR	ENSG00000175054	ENST00000350721	protein_coding	1	0	2	5	0	0	0	0	0	0	0	0	6	2	0	1	0	0	0	0	0
ATR	ENSG00000175054	ENST00000661310	protein_coding	1	0	2	5	0	0	0	0	0	0	0	0	6	2	0	1	0	0	0	0	0
ATRX	ENSG00000085224	ENST00000373344	protein_coding	0	0	4	7	0	0	1	0	2	0	0	0	6	2	0	0	0	0	0	0	0
ATRX	ENSG00000085224	ENST00000395603	protein_coding	0	0	4	7	0	0	1	0	2	0	0	0	6	2	0	0	0	0	0	0	0
ATRX	ENSG00000085224	ENST00000493470	protein_coding	0	0	1	3	0	0	0	0	1	0	0	0	0	0	0	0	0	0	0	0	3
ATRX	ENSG00000085224	ENST00000624166	protein_coding	0	0	3	5	0	0	1	0	1	1	0	0	3	2	0	0	0	0	0	0	0
ATRX	ENSG00000085224	ENST00000675732	protein_coding	0	0	1	2	0	0	0	0	1	0	0	0	2	0	0	0	0	0	0	0	0
BARD1	ENSG00000138376	ENST00000260947	protein_coding	0	0	2	5	0	0	0	0	0	0	0	0	5	2	0	0	0	0	0	0	0
BARD1	ENSG00000138376	ENST00000421162	protein_coding	0	0	2	5	0	0	0	0	0	0	0	0	5	2	0	0	0	0	0	0	0
BARD1	ENSG00000138376	ENST00000613374	protein_coding	0	0	2	5	0	0	0	0	0	0	0	0	5	2	0	0	0	0	0	0	0
BARD1	ENSG00000138376	ENST00000613706	protein_coding	0	0	2	5	0	0	0	0	0	0	0	0	5	2	0	0	0	0	0	0	0
BARD1	ENSG00000138376	ENST00000617164	protein_coding	0	0	2	5	0	0	0	0	0	0	0	0	5	2	0	0	0	0	0	0	0
BARD1	ENSG00000138376	ENST00000619009	protein_coding	0	0	2	5	0	0	0	0	0	0	0	0	5	2	0	0	0	0	0	0	0
BARD1	ENSG00000138376	ENST00000620057	protein_coding	0	0	1	6	1	0	0	0	0	0	0	0	5	1	0	0	0	0	0	0	0
BIVM-ERCC5	ENSG00000270181	ENST00000639132	protein_coding	1	1	3	2	0	0	0	0	0	0	1	0	2	3	0	0	0	0	0	1	0
BIVM-ERCC5	ENSG00000270181	ENST00000639435	protein_coding	1	1	3	2	0	0	0	0	0	0	1	0	2	3	0	0	0	0	0	1	0
BLM	ENSG00000197299	ENST00000355112	protein_coding	0	0	1	3	0	0	0	0	1	0	0	0	3	0	0	0	0	0	0	0	0
BLM	ENSG00000197299	ENST00000560509	protein_coding	0	0	1	3	0	0	0	0	1	0	0	0	3	0	0	0	0	0	0	0	0
BLM	ENSG00000197299	ENST00000648453	protein_coding	0	0	1	3	0	0	0	0	1	0	0	0	3	0	0	0	0	0	0	0	0
BLM	ENSG00000197299	ENST00000680772	protein_coding	0	0	1	3	0	0	0	0	1	0	0	0	3	0	0	0	0	0	0	0	0
BLM	ENSG00000197299	ENST00000681142	protein_coding	0	0	1	3	0	0	0	0	1	0	0	0	3	0	0	0	0	0	0	0	0
BRAF	ENSG00000157764	ENST00000288602	protein_coding	0	0	1	8	0	0	0	0	0	0	0	0	8	1	0	0	0	0	0	0	0
BRAF	ENSG00000157764	ENST00000496384	protein_coding	0	0	2	8	0	0	0	0	0	0	0	0	8	2	0	0	0	0	0	0	0
BRAF	ENSG00000157764	ENST00000644969	protein_coding	0	0	2	8	0	0	0	0	0	0	0	0	8	2	0	0	0	0	0	0	0
BRAF	ENSG00000157764	ENST00000646891	protein_coding	0	0	1	9	0	0	0	0	0	1	0	0	8	1	0	0	0	0	0	0	0
BRCA1	ENSG00000012048	ENST00000352993	protein_coding	0	0	1	32	1	0	0	0	0	0	0	0	31	1	0	0	0	0	0	0	0
BRCA1	ENSG00000012048	ENST00000354071	protein_coding	0	0	4	12	0	0	0	0	0	1	0	0	11	4	0	0	0	0	0	0	0
BRCA1	ENSG00000012048	ENST00000357654	protein_coding	0	0	5	28	1	0	0	0	0	0	0	0	27	5	0	0	0	0	0	0	0
BRCA1	ENSG00000012048	ENST00000468300	protein_coding	0	0	2	31	1	0	0	0	0	0	0	0	30	2	0	0	0	0	0	0	0
BRCA1	ENSG00000012048	ENST00000470026	protein_coding	0	0	2	14	0	0	0	0	0	3	0	0	11	2	0	0	0	0	0	0	0
BRCA1	ENSG00000012048	ENST00000471181	protein_coding	0	0	5	28	1	0	0	0	0	0	0	0	27	5	0	0	0	0	0	0	0
BRCA1	ENSG00000012048	ENST00000473961	protein_coding	0	0	2	10	0	0	0	0	0	3	0	0	7	2	0	0	0	0	0	0	0
BRCA1	ENSG00000012048	ENST00000477152	protein_coding	0	0	2	14	0	0	0	0	0	3	0	0	11	2	0	0	0	0	0	0	0
BRCA1	ENSG00000012048	ENST00000478531	protein_coding	0	0	2	20	0	0	0	0	0	0	0	0	20	2	0	0	0	0	0	0	0
BRCA1	ENSG00000012048	ENST00000484087	protein_coding	0	0	2	16	0	0	0	0	0	0	0	0	16	2	0	0	0	0	0	0	0
BRCA1	ENSG00000012048	ENST00000487825	protein_coding	0	0	1	15	0	0	0	0	0	1	0	0	14	1	0	0	0	0	0	0	0
BRCA1	ENSG00000012048	ENST00000491747	protein_coding	0	0	2	31	0	0	0	0	0	1	0	0	30	2	0	0	0	0	0	0	0
BRCA1	ENSG00000012048	ENST00000493795	protein_coding	0	0	5	28	0	0	0	0	0	1	0	0	27	5	0	0	0	0	0	0	0
BRCA1	ENSG00000012048	ENST00000493919	protein_coding	0	0	2	20	0	0	0	0	0	0	0	0	20	2	0	0	0	0	0	0	0
BRCA1	ENSG00000012048	ENST00000494123	protein_coding	0	0	2	14	0	0	0	0	0	3	0	0	11	2	0	0	0	0	0	0	0
BRCA1	ENSG00000012048	ENST00000497488	protein_coding	0	0	1	15	0	0	1	0	0	3	0	0	11	1	0	0	0	0	0	0	0
BRCA1	ENSG00000012048	ENST00000634433	protein_coding	0	0	3	13	0	0	0	0	0	2	0	0	11	3	0	0	0	0	0	0	0
BRCA1	ENSG00000012048	ENST00000644379	protein_coding	0	0	1	23	1	0	0	0	0	0	0	0	16	1	0	0	0	0	0	0	6
BRCA1	ENSG00000012048	ENST00000652672	protein_coding	0	0	2	14	0	0	0	0	0	3	0	0	11	2	0	0	0	0	0	0	0
BRCA2	ENSG00000139618	ENST00000380152	protein_coding	1	2	1	5	0	0	0	0	0	0	1	0	6	1	0	0	1	0	0	1	0
BRCA2	ENSG00000139618	ENST00000544455	protein_coding	1	2	1	5	0	0	0	0	0	0	1	0	6	1	0	0	1	0	0	1	0
BRCA2	ENSG00000139618	ENST00000680887	protein_coding	1	2	1	5	0	0	0	0	0	0	1	0	6	1	0	0	1	0	0	1	0
BRIP1	ENSG00000136492	ENST00000259008	protein_coding	0	0	1	1	0	0	0	0	0	0	0	0	1	1	0	0	0	0	0	0	0
BRIP1	ENSG00000136492	ENST00000577598	protein_coding	0	0	1	1	0	0	0	0	0	0	0	0	1	1	0	0	0	0	0	0	0
BRIP1	ENSG00000136492	ENST00000584322	protein_coding	0	0	1	1	0	0	0	0	0	0	0	0	1	1	0	0	0	0	0	0	0
BRIP1	ENSG00000136492	ENST00000682453	protein_coding	0	0	1	1	0	0	0	0	0	0	0	0	1	1	0	0	0	0	0	0	0
BRIP1	ENSG00000136492	ENST00000682755	protein_coding	0	0	1	1	0	0	0	0	0	0	0	0	1	1	0	0	0	0	0	0	0
BRIP1	ENSG00000136492	ENST00000682989	protein_coding	0	0	1	1	0	0	0	0	0	0	0	0	1	1	0	0	0	0	0	0	0
BRIP1	ENSG00000136492	ENST00000683039	protein_coding	0	0	1	1	0	0	0	0	0	0	0	0	1	1	0	0	0	0	0	0	0
BRIP1	ENSG00000136492	ENST00000683381	protein_coding	0	0	1	1	0	0	0	0	0	0	0	0	1	1	0	0	0	0	0	0	0
BRIP1	ENSG00000136492	ENST00000684584	protein_coding	0	0	1	0	0	0	0	0	0	0	0	0	0	1	0	0	0	0	0	0	0
CASR	ENSG00000036828	ENST00000490131	protein_coding	0	0	1	1	0	0	0	0	0	0	0	0	1	1	0	0	0	0	0	0	0
CASR	ENSG00000036828	ENST00000498619	protein_coding	1	0	1	0	0	0	0	0	0	0	1	0	0	1	0	0	0	0	0	0	0
CASR	ENSG00000036828	ENST00000638421	protein_coding	1	0	1	0	0	0	0	0	0	0	1	0	0	1	0	0	0	0	0	0	0
CASR	ENSG00000036828	ENST00000639785	protein_coding	1	0	1	0	0	0	0	0	0	0	1	0	0	1	0	0	0	0	0	0	0
CCND1	ENSG00000110092	ENST00000227507	protein_coding	0	1	1	1	0	0	0	0	1	0	0	0	2	0	0	0	1	0	0	0	0
CDH1	ENSG00000039068	ENST00000261769	protein_coding	0	0	1	3	2	0	0	0	0	0	0	0	1	1	0	0	1	0	0	0	0
CDH1	ENSG00000039068	ENST00000422392	protein_coding	0	0	1	3	1	0	0	0	0	1	0	0	1	1	0	0	1	0	0	0	0
CDKN1B	ENSG00000111276	ENST00000228872	protein_coding	0	0	2	0	0	0	0	0	0	0	0	0	0	2	0	0	0	0	0	0	0
CDKN1B	ENSG00000111276	ENST00000396340	protein_coding	0	0	2	0	0	0	0	0	0	0	0	0	0	2	0	0	0	0	0	0	0
CDKN1B	ENSG00000111276	ENST00000614874	protein_coding	0	0	2	0	0	0	0	0	0	0	0	0	0	2	0	0	0	0	0	0	0
CDKN1C	ENSG00000129757	ENST00000414822	protein_coding	0	0	1	0	0	0	0	0	1	0	0	0	0	0	0	0	0	0	0	0	0
CDKN1C	ENSG00000129757	ENST00000430149	protein_coding	0	0	1	0	0	0	0	0	1	0	0	0	0	0	0	0	0	0	0	0	0
CDKN1C	ENSG00000129757	ENST00000440480	protein_coding	0	0	1	0	0	0	0	0	1	0	0	0	0	0	0	0	0	0	0	0	0
CDKN2B	ENSG00000147883	ENST00000380142	protein_coding	0	0	1	1	0	0	0	0	0	0	0	0	1	1	0	0	0	0	0	0	0
DDR2	ENSG00000162733	ENST00000367921	protein_coding	0	0	1	3	0	0	0	0	0	0	0	0	3	1	0	0	0	0	0	0	0
DDR2	ENSG00000162733	ENST00000367922	protein_coding	0	0	1	3	0	0	0	0	0	0	0	0	3	1	0	0	0	0	0	0	0
DDR2	ENSG00000162733	ENST00000446985	protein_coding	0	0	1	3	0	0	0	0	0	0	0	0	3	1	0	0	0	0	0	0	0
DICER1	ENSG00000100697	ENST00000343455	protein_coding	0	0	3	3	0	0	0	1	0	0	0	0	3	2	0	0	0	0	0	0	0
DICER1	ENSG00000100697	ENST00000393063	protein_coding	0	0	3	3	0	0	0	1	0	0	0	0	3	2	0	0	0	0	0	0	0
DICER1	ENSG00000100697	ENST00000526495	protein_coding	0	0	3	3	0	0	0	1	0	0	0	0	3	2	0	0	0	0	0	0	0
DICER1	ENSG00000100697	ENST00000527414	protein_coding	0	0	3	3	0	0	0	1	0	0	0	0	3	2	0	0	0	0	0	0	0
DICER1	ENSG00000100697	ENST00000531162	protein_coding	0	0	1	1	0	0	0	0	0	0	0	0	1	1	0	0	0	0	0	0	0
DICER1	ENSG00000100697	ENST00000532939	protein_coding	0	0	3	3	0	0	0	1	0	1	0	0	2	2	0	0	0	0	0	0	0
DICER1	ENSG00000100697	ENST00000541352	protein_coding	0	0	3	3	0	0	0	1	0	0	0	0	3	2	0	0	0	0	0	0	0
DICER1	ENSG00000100697	ENST00000674628	protein_coding	0	0	1	1	0	0	0	0	0	0	0	0	1	1	0	0	0	0	0	0	0
EGFR	ENSG00000146648	ENST00000275493	protein_coding	0	1	1	19	0	0	0	0	0	0	0	0	19	1	0	0	0	0	0	1	0
EGFR	ENSG00000146648	ENST00000342916	protein_coding	0	1	1	10	0	0	0	0	0	1	0	0	9	1	0	0	0	0	0	1	0
EGFR	ENSG00000146648	ENST00000344576	protein_coding	0	1	1	11	0	0	0	0	0	1	0	0	10	1	0	0	0	0	0	1	0
EGFR	ENSG00000146648	ENST00000454757	protein_coding	0	0	1	20	0	0	0	0	0	0	0	0	20	1	0	0	0	0	0	0	0
EGFR	ENSG00000146648	ENST00000455089	protein_coding	0	0	1	20	0	0	0	0	0	4	0	0	16	1	0	0	0	0	0	0	0
ERBB2	ENSG00000141736	ENST00000269571	protein_coding	0	1	4	8	0	0	0	0	0	0	0	0	6	4	0	0	1	0	0	0	3
ERBB2	ENSG00000141736	ENST00000406381	protein_coding	0	1	3	9	0	0	1	0	0	0	0	0	9	3	0	0	1	0	0	0	0
ERBB2	ENSG00000141736	ENST00000445658	protein_coding	0	1	3	9	0	0	0	0	0	0	0	0	7	3	0	0	1	0	0	0	3
ERBB2	ENSG00000141736	ENST00000541774	protein_coding	0	1	4	8	0	0	0	0	0	0	0	0	6	4	0	0	1	0	0	0	3
ERBB2	ENSG00000141736	ENST00000578199	protein_coding	0	1	2	7	0	0	1	0	0	0	0	0	7	2	0	0	1	0	0	0	0
ERBB2	ENSG00000141736	ENST00000578502	protein_coding	0	1	1	5	0	0	0	0	0	2	0	0	3	1	0	0	1	0	0	0	1
ERBB2	ENSG00000141736	ENST00000580074	protein_coding	0	0	1	4	0	0	0	0	0	1	0	0	1	1	0	0	0	0	0	0	2
ERBB2	ENSG00000141736	ENST00000582818	protein_coding	0	0	1	8	0	0	0	0	0	2	0	0	1	1	0	0	0	0	0	0	5
ERBB2	ENSG00000141736	ENST00000584450	protein_coding	0	1	4	8	0	0	0	0	0	0	0	0	6	4	0	0	1	0	0	0	3
ERBB2	ENSG00000141736	ENST00000584601	protein_coding	0	1	3	9	0	0	1	0	0	0	0	0	9	3	0	0	1	0	0	0	0
ERBB3	ENSG00000065361	ENST00000267101	protein_coding	0	1	2	6	0	0	0	0	0	0	0	0	6	2	0	0	1	0	0	0	1
ERBB3	ENSG00000065361	ENST00000415288	protein_coding	0	1	2	6	0	0	0	0	0	0	0	0	6	2	0	0	1	0	0	0	1
ERBB3	ENSG00000065361	ENST00000549832	protein_coding	0	0	1	3	0	0	0	0	0	0	0	0	0	1	0	0	0	0	0	0	3
ERBB3	ENSG00000065361	ENST00000550070	protein_coding	0	0	2	2	0	0	0	0	0	0	0	0	2	2	0	0	0	0	0	0	0
ERBB3	ENSG00000065361	ENST00000683018	protein_coding	0	1	2	6	0	0	0	0	0	0	0	0	6	2	0	0	1	0	0	0	1
ERBB3	ENSG00000065361	ENST00000683059	protein_coding	0	1	2	6	0	0	0	0	0	0	0	0	7	2	0	0	1	0	0	0	0
ERBB3	ENSG00000065361	ENST00000683164	protein_coding	0	1	2	6	0	0	0	0	0	0	0	0	6	2	0	0	1	0	0	0	1
ERCC2	ENSG00000104884	ENST00000391941	protein_coding	0	0	1	4	0	0	0	0	0	0	0	0	4	1	0	0	0	0	0	0	0
ERCC2	ENSG00000104884	ENST00000391944	protein_coding	0	0	1	4	0	0	0	0	0	0	0	0	4	1	0	0	0	0	0	0	0
ERCC2	ENSG00000104884	ENST00000391945	protein_coding	0	0	1	4	0	0	0	0	0	0	0	0	4	1	0	0	0	0	0	0	0
ERCC2	ENSG00000104884	ENST00000485403	protein_coding	0	1	1	4	1	0	0	0	0	0	0	0	3	1	0	0	1	0	0	0	0
ERCC2	ENSG00000104884	ENST00000586131	protein_coding	0	0	1	3	0	0	0	0	0	0	0	0	3	1	0	0	0	0	0	0	0
ERCC2	ENSG00000104884	ENST00000684407	protein_coding	0	0	1	4	0	0	0	0	0	0	0	0	4	1	0	0	0	0	0	0	0
ERCC3	ENSG00000163161	ENST00000285398	protein_coding	0	0	1	1	0	0	0	0	1	0	0	0	1	0	0	0	0	0	0	0	0
ERCC3	ENSG00000163161	ENST00000456257	protein_coding	0	0	1	1	0	0	0	0	1	1	0	0	0	0	0	0	0	0	0	0	0
ERCC3	ENSG00000163161	ENST00000647169	protein_coding	0	0	1	1	0	0	0	0	1	0	0	0	1	0	0	0	0	0	0	0	0
ERCC3	ENSG00000163161	ENST00000647496	protein_coding	0	0	1	1	0	0	0	0	1	0	0	0	1	0	0	0	0	0	0	0	0
ERCC4	ENSG00000175595	ENST00000311895	protein_coding	0	0	3	2	0	0	0	0	0	0	0	0	1	3	0	0	0	0	0	0	1
ERCC4	ENSG00000175595	ENST00000575156	protein_coding	0	0	1	3	0	0	0	0	0	2	0	0	0	1	0	0	0	0	0	0	1
ERCC4	ENSG00000175595	ENST00000682617	protein_coding	0	0	3	2	0	0	0	0	0	0	0	0	1	3	0	0	0	0	0	0	1
ERCC5	ENSG00000134899	ENST00000652225	protein_coding	1	1	3	2	0	0	0	0	0	0	1	0	2	3	0	0	0	0	0	1	0
ERCC5	ENSG00000134899	ENST00000652613	protein_coding	1	1	3	3	0	1	1	0	0	0	1	0	2	3	0	0	0	0	0	0	0
ERCC6	ENSG00000225830	ENST00000355832	protein_coding	1	1	1	4	0	0	0	0	1	0	1	0	5	0	0	0	1	0	0	0	0
ERCC6	ENSG00000225830	ENST00000447839	protein_coding	0	0	1	3	0	0	0	0	1	0	0	0	3	0	0	0	0	0	0	0	0
ERCC6	ENSG00000225830	ENST00000515869	protein_coding	0	0	1	3	0	0	0	0	1	0	0	0	3	0	0	0	0	0	0	0	0
ERCC6	ENSG00000225830	ENST00000681659	protein_coding	1	1	1	4	0	0	0	0	1	0	1	0	5	0	0	0	1	0	0	0	0
ERG	ENSG00000157554	ENST00000288319	protein_coding	1	1	3	2	0	0	0	0	0	0	0	0	2	3	0	0	0	1	0	1	0
ERG	ENSG00000157554	ENST00000398897	protein_coding	1	1	3	2	0	0	0	0	0	0	0	0	2	3	0	0	0	1	0	1	0
ERG	ENSG00000157554	ENST00000398905	protein_coding	1	1	3	2	0	0	0	0	0	0	0	0	2	3	0	0	0	1	0	1	0
ERG	ENSG00000157554	ENST00000398907	protein_coding	1	1	3	2	0	0	0	0	0	0	0	0	2	3	0	0	0	1	0	1	0
ERG	ENSG00000157554	ENST00000398910	protein_coding	1	1	3	2	0	0	0	0	0	0	0	0	2	3	0	0	0	1	0	1	0
ERG	ENSG00000157554	ENST00000398911	protein_coding	1	1	3	2	0	0	0	0	0	0	0	0	2	3	0	0	0	1	0	1	0
ERG	ENSG00000157554	ENST00000398919	protein_coding	1	1	3	2	0	0	0	0	0	0	0	0	2	3	0	0	0	1	0	1	0
ERG	ENSG00000157554	ENST00000417133	protein_coding	1	1	3	2	0	0	0	0	0	0	0	0	2	3	0	0	0	1	0	1	0
ERG	ENSG00000157554	ENST00000442448	protein_coding	1	1	3	2	0	0	0	0	0	0	0	0	2	3	0	0	0	1	0	1	0
ERG	ENSG00000157554	ENST00000453032	protein_coding	1	1	3	2	0	0	0	0	0	0	0	0	2	3	0	0	0	1	0	1	0
EZH2	ENSG00000106462	ENST00000320356	protein_coding	0	0	1	3	0	0	0	0	0	0	0	0	3	1	0	0	0	0	0	0	0
EZH2	ENSG00000106462	ENST00000350995	protein_coding	0	0	1	3	0	0	0	0	0	0	0	0	3	1	0	0	0	0	0	0	0
EZH2	ENSG00000106462	ENST00000460911	protein_coding	0	0	1	3	0	0	0	0	0	0	0	0	3	1	0	0	0	0	0	0	0
EZH2	ENSG00000106462	ENST00000476773	protein_coding	0	0	1	3	0	0	0	0	0	0	0	0	3	1	0	0	0	0	0	0	0
EZH2	ENSG00000106462	ENST00000478654	protein_coding	0	0	1	3	0	0	0	0	0	0	0	0	3	1	0	0	0	0	0	0	0
EZH2	ENSG00000106462	ENST00000483967	protein_coding	0	0	1	3	0	0	0	0	0	0	0	0	3	1	0	0	0	0	0	0	0
EZR	ENSG00000092820	ENST00000337147	protein_coding	0	0	1	8	1	0	0	0	0	0	0	0	7	1	0	0	0	0	0	0	0
EZR	ENSG00000092820	ENST00000367075	protein_coding	0	0	1	8	1	0	0	0	0	0	0	0	7	1	0	0	0	0	0	0	0
FANCB	ENSG00000181544	ENST00000324138	protein_coding	0	0	1	1	0	0	0	0	0	0	0	0	1	1	0	0	0	0	0	0	0
FANCB	ENSG00000181544	ENST00000398334	protein_coding	0	0	1	1	0	0	0	0	0	0	0	0	1	1	0	0	0	0	0	0	0
FANCB	ENSG00000181544	ENST00000452869	protein_coding	0	0	1	1	0	0	0	0	0	0	0	0	1	1	0	0	0	0	0	0	0
FANCB	ENSG00000181544	ENST00000650831	protein_coding	0	0	1	1	0	0	0	0	0	0	0	0	1	1	0	0	0	0	0	0	0
FANCG	ENSG00000221829	ENST00000378643	protein_coding	0	1	1	3	0	0	0	0	0	0	0	0	4	1	0	0	1	0	0	0	0
FANCG	ENSG00000221829	ENST00000448890	protein_coding	0	0	1	4	0	0	0	0	0	3	0	0	1	1	0	0	0	0	0	0	0
FANCI	ENSG00000140525	ENST00000310775	protein_coding	0	0	1	2	0	0	0	0	0	0	0	0	2	1	0	0	0	0	0	0	0
FANCI	ENSG00000140525	ENST00000674831	protein_coding	0	0	1	2	0	0	0	0	0	0	0	0	2	1	0	0	0	0	0	0	0
FANCI	ENSG00000140525	ENST00000676003	protein_coding	0	0	1	2	0	0	0	0	0	0	0	0	2	1	0	0	0	0	0	0	0
FANCL	ENSG00000115392	ENST00000233741	protein_coding	0	0	1	3	0	0	0	0	0	0	0	0	2	1	0	0	1	0	0	0	1
FANCL	ENSG00000115392	ENST00000402135	protein_coding	0	0	1	3	0	0	0	0	0	0	0	0	2	1	0	0	1	0	0	0	1
FANCL	ENSG00000115392	ENST00000403295	protein_coding	0	0	1	3	0	0	0	0	0	0	0	0	2	1	0	0	1	0	0	0	1
FANCL	ENSG00000115392	ENST00000403676	protein_coding	0	0	1	3	0	0	0	0	0	0	0	0	2	1	0	0	1	0	0	0	1
FANCL	ENSG00000115392	ENST00000417361	protein_coding	0	0	1	3	0	0	0	0	0	1	0	0	1	1	0	0	1	0	0	0	1
FANCL	ENSG00000115392	ENST00000427708	protein_coding	0	0	1	3	0	0	0	0	0	1	0	0	1	1	0	0	1	0	0	0	1
FANCL	ENSG00000115392	ENST00000446381	protein_coding	0	0	1	3	0	0	0	0	0	1	0	0	1	1	0	0	1	0	0	0	1
FANCL	ENSG00000115392	ENST00000449070	protein_coding	0	0	1	3	0	0	1	0	0	1	0	0	1	1	0	0	1	0	0	0	0
FANCM	ENSG00000187790	ENST00000267430	protein_coding	0	0	1	3	0	0	0	0	0	0	0	0	3	1	0	0	0	0	0	0	0
FANCM	ENSG00000187790	ENST00000542564	protein_coding	0	0	1	3	0	0	0	0	0	0	0	0	3	1	0	0	0	0	0	0	0
FANCM	ENSG00000187790	ENST00000554809	protein_coding	0	0	1	3	0	0	0	0	0	0	0	0	3	1	0	0	0	0	0	0	0
FANCM	ENSG00000187790	ENST00000556250	protein_coding	0	0	1	3	0	0	0	0	0	0	0	0	3	1	0	0	0	0	0	0	0
FBXW7	ENSG00000109670	ENST00000281708	protein_coding	0	0	1	1	0	0	0	1	0	0	0	0	1	0	0	0	0	0	0	0	0
FBXW7	ENSG00000109670	ENST00000603548	protein_coding	0	0	1	1	0	0	0	1	0	0	0	0	1	0	0	0	0	0	0	0	0
FBXW7	ENSG00000109670	ENST00000603841	protein_coding	0	0	1	1	0	0	0	1	0	0	0	0	1	0	0	0	0	0	0	0	0
FBXW7	ENSG00000109670	ENST00000604872	protein_coding	0	0	1	0	0	0	0	1	0	0	0	0	0	0	0	0	0	0	0	0	0
FBXW7	ENSG00000109670	ENST00000605042	protein_coding	0	0	1	0	0	0	0	1	0	0	0	0	0	0	0	0	0	0	0	0	0
FGFR1	ENSG00000077782	ENST00000683765	protein_coding	0	1	1	16	0	0	1	0	0	0	0	0	16	1	0	0	1	0	0	0	0
FGFR2	ENSG00000066468	ENST00000336553	protein_coding	0	0	1	11	0	0	0	0	0	2	0	0	9	1	0	0	0	0	0	0	0
FGFR2	ENSG00000066468	ENST00000346997	protein_coding	0	0	1	11	0	0	0	0	0	1	0	0	6	1	0	0	0	0	0	0	4
FGFR2	ENSG00000066468	ENST00000351936	protein_coding	0	0	1	11	1	0	0	0	0	0	0	0	7	1	0	0	0	0	0	0	3
FGFR2	ENSG00000066468	ENST00000356226	protein_coding	0	0	1	11	1	0	0	0	0	0	0	0	10	1	0	0	0	0	0	0	0
FGFR2	ENSG00000066468	ENST00000357555	protein_coding	0	1	1	10	0	0	0	0	0	0	0	0	7	1	0	0	0	0	0	1	3
FGFR2	ENSG00000066468	ENST00000358487	protein_coding	0	0	1	11	1	0	0	0	0	0	0	0	10	1	0	0	0	0	0	0	0
FGFR2	ENSG00000066468	ENST00000360144	protein_coding	0	1	1	10	0	0	0	0	0	1	0	0	9	1	0	0	0	0	0	1	0
FGFR2	ENSG00000066468	ENST00000369056	protein_coding	0	1	1	10	0	0	0	0	0	1	0	0	5	1	0	0	0	0	0	1	4
FGFR2	ENSG00000066468	ENST00000369058	protein_coding	0	1	1	10	0	0	0	0	0	2	0	0	8	1	0	0	0	0	0	1	0
FGFR2	ENSG00000066468	ENST00000369059	protein_coding	0	1	1	10	0	0	0	0	0	1	0	0	9	1	0	0	0	0	0	1	0
FGFR2	ENSG00000066468	ENST00000369060	protein_coding	0	0	1	11	1	0	0	0	0	0	0	0	10	1	0	0	0	0	0	0	0
FGFR2	ENSG00000066468	ENST00000369061	protein_coding	0	0	1	11	1	0	0	0	0	0	0	0	6	1	0	0	0	0	0	0	4
FGFR2	ENSG00000066468	ENST00000429361	protein_coding	0	0	1	6	0	0	0	0	0	1	0	0	4	1	0	0	0	0	0	0	1
FGFR2	ENSG00000066468	ENST00000457416	protein_coding	0	1	1	10	0	0	0	0	0	1	0	0	9	1	0	0	0	0	0	1	0
FGFR2	ENSG00000066468	ENST00000478859	protein_coding	0	0	1	6	1	0	0	0	0	0	0	0	5	1	0	0	0	0	0	0	0
FGFR2	ENSG00000066468	ENST00000613048	protein_coding	0	0	1	11	1	0	0	0	0	0	0	0	10	1	0	0	0	0	0	0	0
FGFR2	ENSG00000066468	ENST00000638709	protein_coding	0	0	1	6	1	0	0	0	0	0	0	0	5	1	0	0	0	0	0	0	0
FGFR2	ENSG00000066468	ENST00000682550	protein_coding	0	0	1	11	1	0	0	0	0	0	0	0	7	1	0	0	0	0	0	0	3
FGFR2	ENSG00000066468	ENST00000682772	protein_coding	0	0	1	6	1	0	0	0	0	0	0	0	5	1	0	0	0	0	0	0	0
FGFR2	ENSG00000066468	ENST00000683211	protein_coding	0	0	1	11	1	0	1	0	0	0	0	0	6	1	0	0	0	0	0	0	3
FGFR2	ENSG00000066468	ENST00000684153	protein_coding	0	0	1	11	1	0	0	0	0	0	0	0	10	1	0	0	0	0	0	0	0
FGFR4	ENSG00000160867	ENST00000292408	protein_coding	1	1	2	4	0	0	0	0	0	0	1	0	4	2	0	0	0	0	0	1	0
FGFR4	ENSG00000160867	ENST00000393637	protein_coding	1	1	2	4	0	0	0	0	0	0	1	0	4	2	0	0	0	0	0	1	0
FGFR4	ENSG00000160867	ENST00000393648	protein_coding	0	1	2	5	0	0	0	0	0	0	0	0	5	2	0	0	0	0	0	1	0
FGFR4	ENSG00000160867	ENST00000502906	protein_coding	1	1	2	4	0	0	0	0	0	0	1	0	4	2	0	0	0	0	0	1	0
FGFR4	ENSG00000160867	ENST00000503708	protein_coding	0	1	2	4	0	0	0	0	0	4	0	0	0	2	0	0	0	0	0	1	0
FGFR4	ENSG00000160867	ENST00000510911	protein_coding	0	1	1	5	0	0	0	0	0	5	0	0	0	1	0	0	0	0	0	1	0
FGFR4	ENSG00000160867	ENST00000513166	protein_coding	0	1	2	4	0	0	0	0	0	4	0	0	0	2	0	0	0	0	0	1	0
FGFR4	ENSG00000160867	ENST00000514472	protein_coding	0	1	2	4	0	0	0	0	0	4	0	0	0	2	0	0	0	0	0	1	0
FLCN	ENSG00000154803	ENST00000285071	protein_coding	0	1	1	2	1	0	0	0	0	0	0	0	1	1	0	0	0	0	0	1	0
FUS	ENSG00000089280	ENST00000254108	protein_coding	0	3	2	1	0	0	0	0	2	0	0	0	2	0	0	0	1	0	0	2	0
FUS	ENSG00000089280	ENST00000380244	protein_coding	0	3	2	1	0	0	0	0	2	0	0	0	2	0	0	0	1	0	0	2	0
FUS	ENSG00000089280	ENST00000568685	protein_coding	0	3	2	1	0	0	0	0	2	0	0	0	2	0	0	0	1	0	0	2	0
GPC3	ENSG00000147257	ENST00000370818	protein_coding	0	0	1	2	0	0	0	1	0	0	0	0	2	0	0	0	0	0	0	0	0
GPC3	ENSG00000147257	ENST00000394299	protein_coding	0	0	1	2	0	0	0	1	0	0	0	0	2	0	0	0	0	0	0	0	0
GPC3	ENSG00000147257	ENST00000631057	protein_coding	0	0	1	2	0	0	0	1	0	0	0	0	2	0	0	0	0	0	0	0	0
GPC3	ENSG00000147257	ENST00000689310	protein_coding	0	0	1	2	0	0	0	1	0	0	0	0	2	0	0	0	0	0	0	0	0
HRAS	ENSG00000174775	ENST00000311189	protein_coding	0	0	2	1	0	0	0	0	1	0	0	0	1	1	0	0	0	0	0	0	0
HRAS	ENSG00000174775	ENST00000397596	protein_coding	0	0	2	1	0	0	0	0	1	0	0	0	1	1	0	0	0	0	0	0	0
HRAS	ENSG00000174775	ENST00000417302	protein_coding	0	0	2	1	0	0	0	0	1	0	0	0	1	1	0	0	0	0	0	0	0
HRAS	ENSG00000174775	ENST00000451590	protein_coding	0	0	2	1	0	0	0	0	1	0	0	0	1	1	0	0	0	0	0	0	0
HRAS	ENSG00000174775	ENST00000468682	protein_coding	0	0	2	1	0	0	0	0	1	0	0	0	1	1	0	0	0	0	0	0	0
KDM6A	ENSG00000147050	ENST00000377967	protein_coding	0	2	2	1	0	0	0	0	0	0	0	0	3	2	0	0	2	0	0	0	0
KDM6A	ENSG00000147050	ENST00000382899	protein_coding	0	2	2	1	0	0	0	0	0	0	0	0	3	2	0	0	2	0	0	0	0
KDM6A	ENSG00000147050	ENST00000414389	protein_coding	0	2	2	0	0	0	0	0	0	0	0	0	2	2	0	0	2	0	0	0	0
KDM6A	ENSG00000147050	ENST00000536777	protein_coding	0	2	2	1	0	0	0	0	0	0	0	0	3	2	0	0	2	0	0	0	0
KDM6A	ENSG00000147050	ENST00000543216	protein_coding	0	2	2	1	0	0	0	0	0	0	0	0	3	2	0	0	2	0	0	0	0
KDM6A	ENSG00000147050	ENST00000611820	protein_coding	0	2	2	1	0	0	0	0	0	0	0	0	3	2	0	0	2	0	0	0	0
KDM6A	ENSG00000147050	ENST00000674586	protein_coding	0	2	2	1	0	0	0	0	0	0	0	0	3	2	0	0	2	0	0	0	0
KDM6A	ENSG00000147050	ENST00000674867	protein_coding	0	2	2	1	0	0	0	0	0	0	0	0	3	2	0	0	2	0	0	0	0
KDM6A	ENSG00000147050	ENST00000675577	protein_coding	0	2	2	1	0	0	0	0	0	0	0	0	3	2	0	0	2	0	0	0	0
KDM6A	ENSG00000147050	ENST00000683021	protein_coding	0	2	2	1	0	0	0	0	0	0	0	0	3	2	0	0	2	0	0	0	0
KDR	ENSG00000128052	ENST00000263923	protein_coding	0	1	2	19	1	0	0	0	0	0	0	0	19	2	0	0	1	0	0	0	0
MAP2K2	ENSG00000126934	ENST00000262948	protein_coding	0	2	2	3	0	0	1	0	0	0	0	0	2	2	0	0	1	0	0	2	0
MAP2K2	ENSG00000126934	ENST00000599021	protein_coding	0	0	1	5	0	0	0	0	0	0	0	0	3	1	0	0	0	0	0	0	2
MAP3K1	ENSG00000095015	ENST00000399503	protein_coding	0	0	1	1	0	0	0	0	0	0	0	0	1	1	0	0	0	0	0	0	0
MAX	ENSG00000125952	ENST00000246163	protein_coding	0	0	1	0	0	0	0	0	0	0	0	0	0	1	0	0	0	0	0	0	0
MAX	ENSG00000125952	ENST00000284165	protein_coding	0	0	1	0	0	0	0	0	0	0	0	0	0	1	0	0	0	0	0	0	0
MAX	ENSG00000125952	ENST00000341653	protein_coding	0	0	1	0	0	0	0	0	0	0	0	0	0	1	0	0	0	0	0	0	0
MAX	ENSG00000125952	ENST00000358402	protein_coding	0	0	1	0	0	0	0	0	0	0	0	0	0	1	0	0	0	0	0	0	0
MAX	ENSG00000125952	ENST00000358664	protein_coding	0	0	1	0	0	0	0	0	0	0	0	0	0	1	0	0	0	0	0	0	0
MAX	ENSG00000125952	ENST00000555667	protein_coding	0	0	1	0	0	0	0	0	0	0	0	0	0	1	0	0	0	0	0	0	0
MAX	ENSG00000125952	ENST00000556443	protein_coding	0	0	1	0	0	0	0	0	0	0	0	0	0	1	0	0	0	0	0	0	0
MAX	ENSG00000125952	ENST00000556979	protein_coding	0	0	1	0	0	0	0	0	0	0	0	0	0	1	0	0	0	0	0	0	0
MAX	ENSG00000125952	ENST00000557746	protein_coding	0	0	1	0	0	0	0	0	0	0	0	0	0	1	0	0	0	0	0	0	0
MAX	ENSG00000125952	ENST00000618858	protein_coding	0	0	1	0	0	0	0	0	0	0	0	0	0	1	0	0	0	0	0	0	0
MCPH1	ENSG00000147316	ENST00000344683	protein_coding	1	0	3	6	0	0	0	0	0	0	0	0	7	3	1	0	0	0	0	0	0
MCPH1	ENSG00000147316	ENST00000519480	protein_coding	0	0	1	2	0	0	0	0	0	0	0	0	2	1	0	0	0	0	0	0	0
MCPH1	ENSG00000147316	ENST00000521129	protein_coding	0	0	2	2	0	0	0	0	0	0	0	0	2	2	0	0	0	0	0	0	0
MCPH1	ENSG00000147316	ENST00000522905	protein_coding	0	0	1	2	0	0	0	0	0	0	0	0	2	1	0	0	0	0	0	0	0
MCPH1	ENSG00000147316	ENST00000685179	protein_coding	0	0	1	2	0	0	0	0	0	0	0	0	2	1	0	0	0	0	0	0	0
MCPH1	ENSG00000147316	ENST00000686750	protein_coding	0	0	1	2	0	0	0	0	0	0	0	0	2	1	0	0	0	0	0	0	0
MCPH1	ENSG00000147316	ENST00000687413	protein_coding	0	0	2	2	0	0	0	0	0	0	0	0	2	2	0	0	0	0	0	0	0
MCPH1	ENSG00000147316	ENST00000689348	protein_coding	1	0	3	6	0	0	0	0	0	0	0	0	7	3	1	0	0	0	0	0	0
MCPH1	ENSG00000147316	ENST00000689633	protein_coding	1	0	1	8	0	0	0	0	0	0	0	0	9	1	1	0	0	0	0	0	0
MCPH1	ENSG00000147316	ENST00000690708	protein_coding	1	0	2	7	0	0	0	0	0	0	0	0	8	2	1	0	0	0	0	0	0
MCPH1	ENSG00000147316	ENST00000690826	protein_coding	0	0	3	7	0	0	0	0	0	2	0	0	5	3	0	0	0	0	0	0	0
MCPH1	ENSG00000147316	ENST00000691435	protein_coding	0	0	3	5	0	0	0	0	0	0	0	0	5	3	0	0	0	0	0	0	0
MCPH1	ENSG00000147316	ENST00000692836	protein_coding	0	0	3	5	0	0	0	0	0	0	0	0	5	3	0	0	0	0	0	0	0
MCPH1	ENSG00000147316	ENST00000692938	protein_coding	0	0	3	5	0	0	0	0	0	0	0	0	5	3	0	0	0	0	0	0	0
MEN1	ENSG00000133895	ENST00000312049	protein_coding	0	0	2	3	0	0	0	0	0	0	0	0	3	2	0	0	0	0	0	0	0
MEN1	ENSG00000133895	ENST00000315422	protein_coding	0	0	2	3	0	0	0	0	0	0	0	0	3	2	0	0	0	0	0	0	0
MEN1	ENSG00000133895	ENST00000377313	protein_coding	0	0	2	3	0	0	0	0	0	0	0	0	3	2	0	0	0	0	0	0	0
MEN1	ENSG00000133895	ENST00000377316	protein_coding	0	0	2	3	0	0	0	0	0	0	0	0	3	2	0	0	0	0	0	0	0
MEN1	ENSG00000133895	ENST00000377321	protein_coding	0	0	2	3	0	0	0	0	0	0	0	0	3	2	0	0	0	0	0	0	0
MEN1	ENSG00000133895	ENST00000377326	protein_coding	0	0	2	3	0	0	0	0	0	0	0	0	3	2	0	0	0	0	0	0	0
MEN1	ENSG00000133895	ENST00000394376	protein_coding	0	0	1	4	0	0	0	0	0	0	0	0	3	1	0	0	0	0	0	0	1
MEN1	ENSG00000133895	ENST00000413626	protein_coding	0	0	1	4	0	0	0	0	0	4	0	0	0	1	0	0	0	0	0	0	0
MEN1	ENSG00000133895	ENST00000424912	protein_coding	0	0	1	3	0	0	0	0	0	3	0	0	0	1	0	0	0	0	0	0	0
MEN1	ENSG00000133895	ENST00000429702	protein_coding	0	0	1	3	0	0	0	0	0	3	0	0	0	1	0	0	0	0	0	0	0
MEN1	ENSG00000133895	ENST00000440873	protein_coding	0	0	2	3	0	0	0	0	0	0	0	0	3	2	0	0	0	0	0	0	0
MEN1	ENSG00000133895	ENST00000450708	protein_coding	0	0	2	3	0	0	0	0	0	0	0	0	3	2	0	0	0	0	0	0	0
MEN1	ENSG00000133895	ENST00000672304	protein_coding	0	0	2	3	0	0	0	0	0	0	0	0	3	2	0	0	0	0	0	0	0
MET	ENSG00000105976	ENST00000318493	protein_coding	0	0	1	18	0	0	0	0	0	0	0	0	18	1	0	0	0	0	0	0	0
MET	ENSG00000105976	ENST00000397752	protein_coding	0	0	1	18	0	0	0	0	0	0	0	0	18	1	0	0	0	0	0	0	0
MET	ENSG00000105976	ENST00000422097	protein_coding	0	0	1	0	0	0	0	0	0	0	0	0	0	1	0	0	0	0	0	0	0
MLH3	ENSG00000119684	ENST00000355774	protein_coding	0	0	1	5	0	0	0	0	0	0	0	0	5	1	0	0	0	0	0	0	0
MLH3	ENSG00000119684	ENST00000380968	protein_coding	0	0	1	5	0	0	0	0	0	0	0	0	5	1	0	0	0	0	0	0	0
MLH3	ENSG00000119684	ENST00000556257	protein_coding	0	0	1	5	0	0	0	0	0	0	0	0	5	1	0	0	0	0	0	0	0
MSH2	ENSG00000095002	ENST00000233146	protein_coding	0	1	1	1	0	0	0	0	0	0	0	0	2	1	0	0	1	0	0	0	0
MSH2	ENSG00000095002	ENST00000406134	protein_coding	0	1	1	1	0	0	0	0	0	0	0	0	2	1	0	0	1	0	0	0	0
MSH2	ENSG00000095002	ENST00000543555	protein_coding	0	1	1	1	0	0	0	0	0	0	0	0	2	1	0	0	1	0	0	0	0
MSH2	ENSG00000095002	ENST00000645506	protein_coding	0	1	1	1	0	0	0	0	0	0	0	0	2	1	0	0	1	0	0	0	0
MSH6	ENSG00000116062	ENST00000234420	protein_coding	0	2	2	2	0	0	0	0	0	0	0	0	3	2	0	0	1	0	0	1	0
MSH6	ENSG00000116062	ENST00000538136	protein_coding	0	1	2	3	0	0	1	0	0	0	0	0	3	2	0	0	1	0	0	0	0
MSH6	ENSG00000116062	ENST00000540021	protein_coding	0	1	2	3	0	0	0	0	0	0	0	0	4	2	0	0	1	0	0	0	0
MSH6	ENSG00000116062	ENST00000614496	protein_coding	0	1	2	3	0	0	1	0	0	0	0	0	3	2	0	0	1	0	0	0	0
MSH6	ENSG00000116062	ENST00000652107	protein_coding	0	1	2	3	0	0	1	0	0	0	0	0	3	2	0	0	1	0	0	0	0
MSH6	ENSG00000116062	ENST00000673637	protein_coding	0	1	2	3	0	0	1	0	0	0	0	0	3	2	0	0	1	0	0	0	0
MUTYH	ENSG00000132781	ENST00000354383	protein_coding	0	1	2	0	0	0	0	0	0	0	0	0	0	2	0	0	0	0	0	1	0
MUTYH	ENSG00000132781	ENST00000355498	protein_coding	0	1	2	0	0	0	0	0	0	0	0	0	0	2	0	0	0	0	0	1	0
MUTYH	ENSG00000132781	ENST00000372098	protein_coding	0	1	2	0	0	0	0	0	0	0	0	0	0	2	0	0	0	0	0	1	0
MUTYH	ENSG00000132781	ENST00000372104	protein_coding	0	1	2	0	0	0	0	0	0	0	0	0	0	2	0	0	0	0	0	1	0
MUTYH	ENSG00000132781	ENST00000372110	protein_coding	0	1	2	0	0	0	0	0	0	0	0	0	0	2	0	0	0	0	0	1	0
MUTYH	ENSG00000132781	ENST00000372115	protein_coding	0	1	2	0	0	0	0	0	0	0	0	0	0	2	0	0	0	0	0	1	0
MUTYH	ENSG00000132781	ENST00000412971	protein_coding	0	1	2	0	0	0	0	0	0	0	0	0	0	2	0	0	0	0	0	1	0
MUTYH	ENSG00000132781	ENST00000435155	protein_coding	0	1	1	1	0	0	0	0	0	1	0	0	0	1	0	0	0	0	0	1	0
MUTYH	ENSG00000132781	ENST00000448481	protein_coding	0	1	2	0	0	0	0	0	0	0	0	0	0	2	0	0	0	0	0	1	0
MUTYH	ENSG00000132781	ENST00000456914	protein_coding	0	1	2	0	0	0	0	0	0	0	0	0	0	2	0	0	0	0	0	1	0
MUTYH	ENSG00000132781	ENST00000528013	protein_coding	0	1	2	0	0	0	0	0	0	0	0	0	0	2	0	0	0	0	0	1	0
MUTYH	ENSG00000132781	ENST00000672314	protein_coding	0	1	2	0	0	0	0	0	0	0	0	0	0	2	0	0	0	0	0	1	0
MUTYH	ENSG00000132781	ENST00000672818	protein_coding	0	1	2	0	0	0	0	0	0	0	0	0	0	2	0	0	0	0	0	1	0
MYC	ENSG00000136997	ENST00000377970	protein_coding	0	0	1	0	0	0	0	0	0	0	0	0	0	1	0	0	0	0	0	0	0
MYC	ENSG00000136997	ENST00000524013	protein_coding	0	0	1	0	0	0	0	0	0	0	0	0	0	1	0	0	0	0	0	0	0
MYC	ENSG00000136997	ENST00000621592	protein_coding	0	0	1	0	0	0	0	0	0	0	0	0	0	1	0	0	0	0	0	0	0
MYC	ENSG00000136997	ENST00000651626	protein_coding	0	0	1	0	0	0	0	0	0	0	0	0	0	1	0	0	0	0	0	0	0
MYC	ENSG00000136997	ENST00000652288	protein_coding	0	0	1	0	0	0	0	0	0	0	0	0	0	1	0	0	0	0	0	0	0
MYCN	ENSG00000134323	ENST00000281043	protein_coding	0	0	1	0	0	0	0	0	0	0	0	0	0	1	0	0	0	0	0	0	0
NF1	ENSG00000196712	ENST00000356175	protein_coding	0	5	3	9	0	0	0	0	0	0	0	0	12	3	0	0	3	0	0	2	0
NF1	ENSG00000196712	ENST00000358273	protein_coding	0	5	3	9	0	0	0	0	0	0	0	0	12	3	0	0	3	0	0	2	0
NF1	ENSG00000196712	ENST00000456735	protein_coding	0	4	3	8	0	0	0	0	0	0	0	0	10	3	0	0	2	0	0	2	0
NF1	ENSG00000196712	ENST00000581113	protein_coding	0	0	1	1	0	0	1	0	0	0	0	0	0	1	0	0	0	0	0	0	0
NF1	ENSG00000196712	ENST00000684826	protein_coding	0	1	1	2	0	0	1	0	0	0	0	0	2	1	0	0	1	0	0	0	0
NF1	ENSG00000196712	ENST00000691014	protein_coding	0	5	3	9	0	0	0	0	0	0	0	0	12	3	0	0	3	0	0	2	0
NF1	ENSG00000196712	ENST00000693617	protein_coding	0	1	1	2	0	0	1	0	0	0	0	0	2	1	0	0	1	0	0	0	0
NOTCH1	ENSG00000148400	ENST00000651671	protein_coding	2	2	8	10	0	0	0	0	0	0	1	0	10	8	0	0	0	1	0	2	0
NOTCH1	ENSG00000148400	ENST00000680133	protein_coding	2	2	8	10	0	0	0	0	0	0	1	0	10	8	0	0	0	1	0	2	0
NOTCH1	ENSG00000148400	ENST00000680218	protein_coding	2	2	8	10	0	0	0	0	0	0	1	0	10	8	0	0	0	1	0	2	0
NOTCH1	ENSG00000148400	ENST00000680668	protein_coding	2	2	8	10	0	0	0	0	0	0	1	0	10	8	0	0	0	1	0	2	0
NOTCH1	ENSG00000148400	ENST00000680778	protein_coding	1	2	4	9	0	0	0	0	0	0	0	0	4	4	0	0	0	1	0	2	5
NOTCH3	ENSG00000074181	ENST00000263388	protein_coding	1	1	4	5	0	0	0	0	0	0	1	0	5	4	0	0	0	0	0	1	0
NOTCH4	ENSG00000204301	ENST00000375023	protein_coding	1	5	2	11	1	1	1	0	0	0	1	0	9	2	0	0	0	0	0	4	0
NRG1	ENSG00000157168	ENST00000287842	protein_coding	0	0	3	70	0	0	0	0	0	0	0	0	70	3	0	0	0	0	0	0	0
NRG1	ENSG00000157168	ENST00000356819	protein_coding	0	0	3	70	0	0	0	0	0	0	0	0	70	3	0	0	0	0	0	0	0
NRG1	ENSG00000157168	ENST00000405005	protein_coding	0	0	3	70	0	0	0	0	0	0	0	0	70	3	0	0	0	0	0	0	0
NRG1	ENSG00000157168	ENST00000519240	protein_coding	0	0	2	4	0	0	0	0	0	0	0	0	3	2	0	0	0	0	0	0	1
NRG1	ENSG00000157168	ENST00000519301	protein_coding	0	0	3	72	0	0	0	0	0	0	0	0	72	3	0	0	0	0	0	0	0
NRG1	ENSG00000157168	ENST00000521670	protein_coding	0	0	2	71	0	0	0	0	0	1	0	0	70	2	0	0	0	0	0	0	0
NRG1	ENSG00000157168	ENST00000522402	protein_coding	0	0	1	5	0	0	0	0	0	1	0	0	3	1	0	0	0	0	0	0	1
NRG1	ENSG00000157168	ENST00000522569	protein_coding	0	0	2	66	0	0	0	0	0	0	0	0	62	2	0	0	0	0	0	0	4
NRG1	ENSG00000157168	ENST00000523079	protein_coding	0	0	2	71	0	0	0	0	0	1	0	0	70	2	0	0	0	0	0	0	0
NRG1	ENSG00000157168	ENST00000523534	protein_coding	0	0	3	72	0	0	0	0	0	0	0	0	70	3	0	0	0	0	0	0	2
NRG1	ENSG00000157168	ENST00000539990	protein_coding	0	0	2	5	1	0	0	0	0	0	0	0	3	2	0	0	0	0	0	0	1
NRG1	ENSG00000157168	ENST00000650819	protein_coding	0	0	2	50	0	0	0	0	0	1	0	0	46	2	0	0	0	0	0	0	3
NRG1	ENSG00000157168	ENST00000650866	protein_coding	0	0	3	72	0	0	0	0	0	0	0	0	72	3	0	0	0	0	0	0	0
NRG1	ENSG00000157168	ENST00000650980	protein_coding	0	0	2	71	1	0	0	0	0	0	0	0	70	2	0	0	0	0	0	0	0
NRG1	ENSG00000157168	ENST00000651333	protein_coding	0	0	2	50	1	0	0	0	0	0	0	0	46	2	0	0	0	0	0	0	3
NRG1	ENSG00000157168	ENST00000652588	protein_coding	0	0	2	71	0	0	0	0	0	1	0	0	70	2	0	0	0	0	0	0	0
NRG1	ENSG00000157168	ENST00000652592	protein_coding	0	0	3	49	0	0	0	0	0	0	0	0	46	3	0	0	0	0	0	0	3
NRG1	ENSG00000157168	ENST00000652698	protein_coding	0	0	3	72	0	0	0	0	0	0	0	0	72	3	0	0	0	0	0	0	0
NTRK1	ENSG00000198400	ENST00000358660	protein_coding	0	0	1	4	0	0	0	0	0	0	0	0	4	1	0	0	0	0	0	0	0
NTRK1	ENSG00000198400	ENST00000368196	protein_coding	0	0	1	4	0	0	0	0	0	0	0	0	4	1	0	0	0	0	0	0	0
NTRK1	ENSG00000198400	ENST00000392302	protein_coding	0	0	1	4	0	0	0	0	0	0	0	0	4	1	0	0	0	0	0	0	0
NTRK1	ENSG00000198400	ENST00000524377	protein_coding	0	0	1	4	0	0	0	0	0	0	0	0	4	1	0	0	0	0	0	0	0
NTRK1	ENSG00000198400	ENST00000674537	protein_coding	0	0	1	4	0	0	0	0	0	0	0	0	4	1	0	0	0	0	0	0	0
NTRK2	ENSG00000148053	ENST00000277120	protein_coding	0	1	1	78	0	0	0	0	0	0	0	0	78	1	0	0	0	0	0	1	0
NTRK2	ENSG00000148053	ENST00000304053	protein_coding	0	1	1	74	2	0	0	0	0	0	0	0	72	1	0	0	0	0	0	1	0
NTRK2	ENSG00000148053	ENST00000323115	protein_coding	0	1	1	78	0	0	0	0	0	0	0	0	78	1	0	0	0	0	0	1	0
NTRK2	ENSG00000148053	ENST00000359847	protein_coding	0	1	1	36	3	0	0	0	0	1	0	0	32	1	0	0	0	0	0	1	0
NTRK2	ENSG00000148053	ENST00000376208	protein_coding	0	1	1	74	2	0	0	0	0	0	0	0	72	1	0	0	0	0	0	1	0
NTRK2	ENSG00000148053	ENST00000376213	protein_coding	0	1	1	78	0	0	0	0	0	0	0	0	78	1	0	0	0	0	0	1	0
NTRK2	ENSG00000148053	ENST00000395882	protein_coding	0	1	1	36	3	0	0	0	0	1	0	0	32	1	0	0	0	0	0	1	0
NTRK2	ENSG00000148053	ENST00000685387	protein_coding	0	1	1	35	3	0	0	0	0	0	0	0	32	1	0	0	0	0	0	1	0
NTRK2	ENSG00000148053	ENST00000685720	protein_coding	0	1	1	74	2	0	0	0	0	0	0	0	72	1	0	0	0	0	0	1	0
NTRK2	ENSG00000148053	ENST00000686259	protein_coding	0	1	1	78	0	0	0	0	0	0	0	0	78	1	0	0	0	0	0	1	0
NTRK2	ENSG00000148053	ENST00000686322	protein_coding	0	1	1	36	3	0	0	0	0	1	0	0	30	1	0	0	0	0	0	1	2
NTRK2	ENSG00000148053	ENST00000686324	protein_coding	0	1	1	78	0	0	0	0	0	0	0	0	78	1	0	0	0	0	0	1	0
NTRK2	ENSG00000148053	ENST00000686443	protein_coding	0	1	1	74	2	0	0	0	0	0	0	0	72	1	0	0	0	0	0	1	0
NTRK2	ENSG00000148053	ENST00000686496	protein_coding	0	1	1	78	0	0	0	0	0	0	0	0	78	1	0	0	0	0	0	1	0
NTRK2	ENSG00000148053	ENST00000686542	protein_coding	0	1	1	36	3	0	0	0	0	1	0	0	32	1	0	0	0	0	0	1	0
NTRK2	ENSG00000148053	ENST00000687148	protein_coding	0	1	1	36	3	0	0	0	0	1	0	0	32	1	0	0	0	0	0	1	0
NTRK2	ENSG00000148053	ENST00000687386	protein_coding	0	1	1	78	0	0	0	0	0	0	0	0	78	1	0	0	0	0	0	1	0
NTRK2	ENSG00000148053	ENST00000687596	protein_coding	0	1	1	36	3	0	0	0	0	1	0	0	32	1	0	0	0	0	0	1	0
NTRK2	ENSG00000148053	ENST00000687636	protein_coding	0	1	1	74	2	0	0	0	0	0	0	0	72	1	0	0	0	0	0	1	0
NTRK2	ENSG00000148053	ENST00000688013	protein_coding	0	1	1	36	3	0	0	0	0	1	0	0	32	1	0	0	0	0	0	1	0
NTRK2	ENSG00000148053	ENST00000689301	protein_coding	0	1	1	78	0	0	0	0	0	0	0	0	76	1	0	0	0	0	0	1	2
NTRK2	ENSG00000148053	ENST00000689685	protein_coding	0	1	1	36	3	0	0	0	0	1	0	0	32	1	0	0	0	0	0	1	0
NTRK2	ENSG00000148053	ENST00000689815	protein_coding	0	1	1	36	3	0	0	0	0	1	0	0	32	1	0	0	0	0	0	1	0
NTRK2	ENSG00000148053	ENST00000690281	protein_coding	0	1	1	36	3	0	0	0	0	1	0	0	32	1	0	0	0	0	0	1	0
NTRK2	ENSG00000148053	ENST00000691415	protein_coding	0	1	1	36	3	0	0	0	0	1	0	0	32	1	0	0	0	0	0	1	0
NTRK2	ENSG00000148053	ENST00000691788	protein_coding	0	1	1	78	0	0	0	0	0	0	0	0	78	1	0	0	0	0	0	1	0
NTRK2	ENSG00000148053	ENST00000692181	protein_coding	0	1	1	78	0	0	0	0	0	0	0	0	78	1	0	0	0	0	0	1	0
NTRK2	ENSG00000148053	ENST00000692389	protein_coding	0	1	1	36	3	0	0	0	0	1	0	0	32	1	0	0	0	0	0	1	0
NTRK2	ENSG00000148053	ENST00000692473	protein_coding	0	1	1	78	0	0	0	0	0	0	0	0	76	1	0	0	0	0	0	1	2
NTRK2	ENSG00000148053	ENST00000692506	protein_coding	0	1	1	36	3	0	0	0	0	1	0	0	32	1	0	0	0	0	0	1	0
NTRK2	ENSG00000148053	ENST00000692762	protein_coding	0	1	1	36	3	0	0	0	0	1	0	0	32	1	0	0	0	0	0	1	0
NTRK2	ENSG00000148053	ENST00000692804	protein_coding	0	1	1	35	0	0	0	0	0	3	0	0	32	1	0	0	0	0	0	1	0
NTRK2	ENSG00000148053	ENST00000693109	protein_coding	0	1	1	36	3	0	0	0	0	1	0	0	32	1	0	0	0	0	0	1	0
NTRK2	ENSG00000148053	ENST00000693127	protein_coding	0	0	1	37	3	0	0	0	0	1	0	0	33	1	0	0	0	0	0	0	0
NTRK2	ENSG00000148053	ENST00000693384	protein_coding	0	1	1	35	0	0	0	0	0	2	0	0	33	1	0	0	0	0	0	1	0
NTRK2	ENSG00000148053	ENST00000693539	protein_coding	0	1	1	74	2	0	0	0	0	0	0	0	72	1	0	0	0	0	0	1	0
PARP1	ENSG00000143799	ENST00000366794	protein_coding	0	0	1	6	0	0	0	0	0	0	0	0	6	1	0	0	0	0	0	0	0
PARP1	ENSG00000143799	ENST00000677203	protein_coding	0	0	1	6	0	0	0	0	0	0	0	0	6	1	0	0	0	0	0	0	0
PDCD1LG2	ENSG00000197646	ENST00000397747	protein_coding	0	0	1	2	1	0	0	0	0	0	0	0	1	1	0	0	0	0	0	0	0
PDGFRA	ENSG00000134853	ENST00000257290	protein_coding	0	4	1	19	0	0	0	0	0	0	0	0	19	1	0	0	0	0	0	4	0
PGR	ENSG00000082175	ENST00000263463	protein_coding	0	1	1	1	0	0	0	0	0	0	0	0	1	1	0	0	0	0	0	1	0
PGR	ENSG00000082175	ENST00000325455	protein_coding	0	1	1	1	0	0	0	0	0	0	0	0	1	1	0	0	0	0	0	1	0
PGR	ENSG00000082175	ENST00000619228	protein_coding	0	1	1	1	0	0	0	0	0	1	0	0	0	1	0	0	0	0	0	1	0
PIK3CA	ENSG00000121879	ENST00000263967	protein_coding	0	0	3	5	0	0	0	0	0	0	0	0	5	3	0	0	0	0	0	0	0
PIK3CA	ENSG00000121879	ENST00000643187	protein_coding	0	0	3	5	0	0	0	0	0	0	0	0	5	3	0	0	0	0	0	0	0
PIK3R1	ENSG00000145675	ENST00000320694	protein_coding	0	0	1	2	0	0	0	0	0	0	0	0	2	1	0	0	0	0	0	0	0
PIK3R1	ENSG00000145675	ENST00000336483	protein_coding	0	0	1	2	0	0	0	0	0	0	0	0	1	1	0	0	0	0	0	0	1
PIK3R1	ENSG00000145675	ENST00000521381	protein_coding	0	0	1	2	0	0	0	0	0	0	0	0	2	1	0	0	0	0	0	0	0
PIK3R1	ENSG00000145675	ENST00000521657	protein_coding	0	0	1	2	0	0	0	0	0	0	0	0	2	1	0	0	0	0	0	0	0
PIK3R1	ENSG00000145675	ENST00000522084	protein_coding	0	0	1	2	0	0	0	0	0	1	0	0	1	1	0	0	0	0	0	0	0
PIK3R1	ENSG00000145675	ENST00000523807	protein_coding	0	0	1	2	0	0	0	0	0	1	0	0	1	1	0	0	0	0	0	0	0
PIK3R2	ENSG00000105647	ENST00000222254	protein_coding	0	0	1	4	2	0	0	0	0	0	0	0	2	1	0	0	0	0	0	0	0
PMS2	ENSG00000122512	ENST00000265849	protein_coding	0	0	1	2	0	0	0	0	0	0	0	0	2	1	0	0	0	0	0	0	0
PMS2	ENSG00000122512	ENST00000441476	protein_coding	0	0	1	2	0	0	0	0	0	0	0	0	2	1	0	0	0	0	0	0	0
PMS2	ENSG00000122512	ENST00000642292	protein_coding	0	0	1	2	0	0	0	0	0	0	0	0	2	1	0	0	0	0	0	0	0
PMS2	ENSG00000122512	ENST00000642456	protein_coding	0	0	1	2	0	0	0	0	0	0	0	0	2	1	0	0	0	0	0	0	0
PMS2	ENSG00000122512	ENST00000644110	protein_coding	0	0	1	2	0	0	0	0	0	0	0	0	2	1	0	0	0	0	0	0	0
POLD1	ENSG00000062822	ENST00000440232	protein_coding	2	2	3	7	2	0	0	1	0	0	1	0	6	2	0	0	1	1	0	1	0
POLD1	ENSG00000062822	ENST00000593407	protein_coding	1	0	1	6	0	0	0	0	0	2	1	0	1	1	0	0	0	0	0	0	3
POLD1	ENSG00000062822	ENST00000593887	protein_coding	2	2	3	7	0	0	0	1	0	2	1	0	6	2	0	0	1	1	0	1	0
POLD1	ENSG00000062822	ENST00000593981	protein_coding	0	0	1	5	0	0	0	0	0	2	0	0	2	1	0	0	0	0	0	0	1
POLD1	ENSG00000062822	ENST00000595904	protein_coding	3	3	3	5	2	0	0	1	0	0	2	0	5	2	0	0	2	1	0	1	0
POLD1	ENSG00000062822	ENST00000599857	protein_coding	2	2	3	7	2	0	0	1	0	0	1	0	6	2	0	0	1	1	0	1	0
POLD1	ENSG00000062822	ENST00000601098	protein_coding	2	2	3	7	1	0	0	1	0	1	1	0	6	2	0	0	1	1	0	1	0
POLD1	ENSG00000062822	ENST00000613923	protein_coding	2	3	3	7	2	0	0	1	0	0	1	0	6	2	0	0	2	1	0	1	0
POLD1	ENSG00000062822	ENST00000644560	protein_coding	3	3	3	5	2	0	0	1	0	0	2	0	5	2	0	0	2	1	0	1	0
POLD1	ENSG00000062822	ENST00000687454	protein_coding	2	2	3	7	2	0	0	1	0	0	1	0	6	2	0	0	1	1	0	1	0
POLE	ENSG00000177084	ENST00000320574	protein_coding	0	2	1	8	0	0	1	0	0	0	0	0	8	1	0	0	2	0	0	1	0
POLE	ENSG00000177084	ENST00000535270	protein_coding	0	2	1	8	0	0	0	0	0	0	0	0	8	1	0	0	2	0	0	1	1
PRCC	ENSG00000143294	ENST00000271526	protein_coding	0	0	2	1	0	0	0	0	0	0	0	0	1	2	0	0	0	0	0	0	0
PTCH1	ENSG00000185920	ENST00000331920	protein_coding	0	1	2	4	0	0	0	0	0	0	0	0	4	2	0	0	0	0	0	1	0
PTCH1	ENSG00000185920	ENST00000429896	protein_coding	0	1	2	4	0	0	0	0	0	0	0	0	4	2	0	0	0	0	0	1	0
PTCH1	ENSG00000185920	ENST00000430669	protein_coding	0	1	2	4	0	0	0	0	0	0	0	0	4	2	0	0	0	0	0	1	0
PTCH1	ENSG00000185920	ENST00000437951	protein_coding	0	1	2	4	0	0	0	0	0	0	0	0	4	2	0	0	0	0	0	1	0
PTCH1	ENSG00000185920	ENST00000468211	protein_coding	0	0	1	3	1	0	0	0	0	1	0	0	1	1	0	0	0	0	0	0	0
PTCH1	ENSG00000185920	ENST00000546820	protein_coding	0	0	1	3	0	0	0	0	0	1	0	0	2	1	0	0	0	0	0	0	0
PTCH1	ENSG00000185920	ENST00000547672	protein_coding	0	0	1	3	0	0	0	0	0	1	0	0	2	1	0	0	0	0	0	0	0
PTCH1	ENSG00000185920	ENST00000551630	protein_coding	0	0	1	3	0	0	0	0	0	2	0	0	0	1	0	0	0	0	0	0	1
PTCH1	ENSG00000185920	ENST00000551845	protein_coding	0	0	1	3	0	0	0	0	0	1	0	0	2	1	0	0	0	0	0	0	0
PTCH1	ENSG00000185920	ENST00000553011	protein_coding	0	0	1	3	0	0	0	0	0	1	0	0	2	1	0	0	0	0	0	0	0
PTCH1	ENSG00000185920	ENST00000692981	protein_coding	0	1	2	4	0	0	0	0	0	0	0	0	3	2	0	0	0	0	0	1	1
PTEN	ENSG00000171862	ENST00000693560	protein_coding	0	0	1	3	1	0	1	0	1	0	0	0	1	0	0	0	0	0	0	0	0
PTPN11	ENSG00000179295	ENST00000351677	protein_coding	0	0	2	5	0	0	0	0	0	0	0	0	5	2	0	0	0	0	0	0	0
PTPN11	ENSG00000179295	ENST00000392597	protein_coding	0	0	2	5	0	0	0	0	0	1	0	0	4	2	0	0	0	0	0	0	0
PTPN11	ENSG00000179295	ENST00000530818	protein_coding	0	0	1	0	0	0	0	0	0	0	0	0	0	1	0	0	0	0	0	0	0
PTPN11	ENSG00000179295	ENST00000635625	protein_coding	0	0	2	5	0	0	0	0	0	0	0	0	5	2	0	0	0	0	0	0	0
PTPN11	ENSG00000179295	ENST00000635652	protein_coding	0	0	1	3	0	0	0	0	0	1	0	0	1	1	0	0	0	0	0	0	1
PTPN11	ENSG00000179295	ENST00000639857	protein_coding	0	0	2	5	0	0	0	0	0	0	0	0	5	2	0	0	0	0	0	0	0
PTPN11	ENSG00000179295	ENST00000687906	protein_coding	0	0	2	5	0	0	0	0	0	0	0	0	5	2	0	0	0	0	0	0	0
PTPN11	ENSG00000179295	ENST00000688597	protein_coding	0	0	1	6	0	0	0	0	0	0	0	0	6	1	0	0	0	0	0	0	0
PTPN11	ENSG00000179295	ENST00000690210	protein_coding	0	0	2	5	0	0	0	0	0	0	0	0	5	2	0	0	0	0	0	0	0
RAD51D	ENSG00000185379	ENST00000345365	protein_coding	0	1	1	2	0	0	0	0	0	0	0	0	3	1	0	0	1	0	0	0	0
RAD51D	ENSG00000185379	ENST00000394589	protein_coding	0	1	1	2	0	0	0	0	0	0	0	0	3	1	0	0	1	0	0	0	0
RAD51D	ENSG00000185379	ENST00000586186	protein_coding	0	1	1	2	0	0	0	0	0	0	0	0	3	1	0	0	1	0	0	0	0
RAD51D	ENSG00000185379	ENST00000590016	protein_coding	0	0	1	3	0	0	0	0	0	0	0	0	3	1	0	0	0	0	0	0	0
RAD51D	ENSG00000185379	ENST00000592577	protein_coding	0	1	1	2	0	0	0	0	0	0	0	0	3	1	0	0	1	0	0	0	0
RECQL4	ENSG00000160957	ENST00000532846	protein_coding	0	0	1	4	0	0	0	0	0	3	0	0	0	1	0	0	0	0	0	0	1
RECQL4	ENSG00000160957	ENST00000534626	protein_coding	0	1	1	3	0	0	0	0	0	0	0	0	2	1	0	0	1	0	0	0	2
RECQL4	ENSG00000160957	ENST00000617875	protein_coding	0	1	2	2	0	0	0	0	0	0	0	0	3	2	0	0	1	0	0	0	0
RECQL4	ENSG00000160957	ENST00000621189	protein_coding	0	1	2	2	0	0	0	0	0	0	0	0	3	2	0	0	1	0	0	0	0
RET	ENSG00000165731	ENST00000340058	protein_coding	0	1	4	5	0	0	0	0	0	0	0	0	5	4	0	0	1	0	0	1	0
RET	ENSG00000165731	ENST00000355710	protein_coding	0	1	4	5	0	0	0	0	0	0	0	0	5	4	0	0	1	0	0	1	0
RET	ENSG00000165731	ENST00000615310	protein_coding	0	0	2	8	0	0	0	0	0	0	0	0	8	2	0	0	1	0	0	0	0
RNF43	ENSG00000108375	ENST00000407977	protein_coding	0	0	2	2	0	0	0	0	0	0	0	0	2	2	0	0	1	0	0	0	0
RNF43	ENSG00000108375	ENST00000577625	protein_coding	0	0	1	3	0	0	1	0	0	0	0	0	2	1	0	0	1	0	0	0	0
RNF43	ENSG00000108375	ENST00000577716	protein_coding	0	0	2	2	0	0	0	0	0	0	0	0	2	2	0	0	1	0	0	0	0
RNF43	ENSG00000108375	ENST00000581868	protein_coding	0	0	1	3	0	0	1	0	0	1	0	0	1	1	0	0	1	0	0	0	0
RNF43	ENSG00000108375	ENST00000583753	protein_coding	0	0	1	3	0	0	0	0	0	0	0	0	3	1	0	0	1	0	0	0	0
RNF43	ENSG00000108375	ENST00000584437	protein_coding	0	0	2	2	0	0	0	0	0	0	0	0	2	2	0	0	1	0	0	0	0
ROS1	ENSG00000047936	ENST00000368507	protein_coding	2	0	1	19	0	0	0	0	0	0	2	0	19	1	0	0	0	0	0	0	0
ROS1	ENSG00000047936	ENST00000368508	protein_coding	2	0	1	19	0	0	0	0	0	0	2	0	19	1	0	0	0	0	0	0	0
RSPO2	ENSG00000147655	ENST00000276659	protein_coding	1	0	1	0	0	0	0	0	0	0	1	0	0	1	0	0	0	0	0	0	0
RSPO2	ENSG00000147655	ENST00000517781	protein_coding	1	0	1	0	0	0	0	0	0	0	1	0	0	1	0	0	0	0	0	0	0
RSPO2	ENSG00000147655	ENST00000517939	protein_coding	0	0	1	1	0	0	0	0	0	0	0	0	0	1	0	0	0	0	0	0	1
SDHA	ENSG00000073578	ENST00000264932	protein_coding	0	1	2	8	0	0	0	0	0	0	0	0	9	2	0	0	1	0	0	0	0
SDHA	ENSG00000073578	ENST00000504309	protein_coding	0	1	2	8	0	0	0	0	0	0	0	0	9	2	0	0	1	0	0	0	0
SDHA	ENSG00000073578	ENST00000510361	protein_coding	0	0	2	9	0	0	0	0	0	0	0	0	9	2	0	0	0	0	0	0	0
SDHB	ENSG00000117118	ENST00000375499	protein_coding	0	1	1	1	0	0	0	0	0	0	0	0	1	1	0	0	1	0	0	1	0
SDHD	ENSG00000204370	ENST00000375549	protein_coding	0	1	1	3	0	0	0	0	0	0	0	0	3	1	0	0	0	0	0	1	0
SDHD	ENSG00000204370	ENST00000525291	protein_coding	0	1	1	3	0	0	0	0	0	0	0	0	3	1	0	0	0	0	0	1	0
SDHD	ENSG00000204370	ENST00000526592	protein_coding	0	1	1	3	0	0	0	0	0	0	0	0	3	1	0	0	0	0	0	1	0
SDHD	ENSG00000204370	ENST00000528021	protein_coding	0	1	1	3	0	0	0	0	0	0	0	0	3	1	0	0	0	0	0	1	0
SDHD	ENSG00000204370	ENST00000528048	protein_coding	0	0	1	4	0	0	0	0	0	0	0	0	4	1	0	0	0	0	0	0	0
SDHD	ENSG00000204370	ENST00000528182	protein_coding	0	1	1	3	0	0	0	0	0	0	0	0	3	1	0	0	0	0	0	1	0
SETD2	ENSG00000181555	ENST00000409792	protein_coding	0	1	3	4	0	0	0	0	0	0	0	0	4	3	0	0	0	0	0	1	0
SETD2	ENSG00000181555	ENST00000412450	protein_coding	0	1	2	0	0	0	0	0	0	0	0	0	0	2	0	0	0	0	0	1	0
SETD2	ENSG00000181555	ENST00000638947	protein_coding	0	1	3	4	0	0	0	0	0	0	0	0	4	3	0	0	0	0	0	1	0
SETD2	ENSG00000181555	ENST00000685005	protein_coding	0	1	3	4	0	0	0	0	0	0	0	0	4	3	0	0	0	0	0	1	0
SETD2	ENSG00000181555	ENST00000685399	protein_coding	0	1	3	1	0	0	0	0	0	0	0	0	1	3	0	0	0	0	0	1	0
SETD2	ENSG00000181555	ENST00000686876	protein_coding	0	1	3	4	0	0	0	0	0	0	0	0	4	3	0	0	0	0	0	1	0
SETD2	ENSG00000181555	ENST00000690157	protein_coding	0	1	2	5	0	0	0	0	0	0	0	0	5	2	0	0	0	0	0	1	0
SETD2	ENSG00000181555	ENST00000691544	protein_coding	0	0	1	7	0	0	0	0	0	0	0	0	7	1	0	0	0	0	0	0	0
SETD2	ENSG00000181555	ENST00000691902	protein_coding	0	1	2	5	0	0	0	0	0	0	0	0	5	2	0	0	0	0	0	1	0
SLX4	ENSG00000188827	ENST00000294008	protein_coding	0	1	3	0	0	0	0	0	0	0	0	0	0	3	0	0	0	0	0	1	0
SMARCA4	ENSG00000127616	ENST00000344626	protein_coding	0	1	3	10	1	0	0	0	0	0	0	0	9	3	0	0	0	0	0	1	0
SMARCA4	ENSG00000127616	ENST00000429416	protein_coding	0	1	3	10	1	0	0	0	0	0	0	0	9	3	0	0	0	0	0	1	0
SMARCA4	ENSG00000127616	ENST00000444061	protein_coding	0	1	3	10	1	0	0	0	0	0	0	0	9	3	0	0	0	0	0	1	0
SMARCA4	ENSG00000127616	ENST00000541122	protein_coding	0	1	3	10	0	0	0	0	0	1	0	0	9	3	0	0	0	0	0	1	0
SMARCA4	ENSG00000127616	ENST00000589677	protein_coding	0	1	3	10	0	0	0	0	0	1	0	0	9	3	0	0	0	0	0	1	0
SMARCA4	ENSG00000127616	ENST00000590574	protein_coding	0	1	3	10	1	0	0	0	0	0	0	0	9	3	0	0	0	0	0	1	0
SMARCA4	ENSG00000127616	ENST00000591545	protein_coding	0	0	2	7	0	0	0	0	0	2	0	0	5	2	0	0	0	0	0	0	0
SMARCA4	ENSG00000127616	ENST00000642350	protein_coding	0	1	1	9	1	0	0	0	0	0	0	0	8	1	0	0	0	0	0	1	0
SMARCA4	ENSG00000127616	ENST00000642508	protein_coding	0	1	1	6	1	0	0	0	0	0	0	0	5	1	0	0	0	0	0	1	0
SMARCA4	ENSG00000127616	ENST00000642628	protein_coding	0	1	3	10	1	0	0	0	0	0	0	0	9	3	0	0	0	0	0	1	0
SMARCA4	ENSG00000127616	ENST00000642726	protein_coding	0	1	3	10	1	0	0	0	0	0	0	0	9	3	0	0	0	0	0	1	0
SMARCA4	ENSG00000127616	ENST00000643208	protein_coding	0	1	1	9	1	0	0	0	0	0	0	0	8	1	0	0	0	0	0	1	0
SMARCA4	ENSG00000127616	ENST00000643296	protein_coding	0	1	3	10	1	0	0	0	0	0	0	0	9	3	0	0	0	0	0	1	0
SMARCA4	ENSG00000127616	ENST00000643534	protein_coding	0	1	1	9	1	0	0	0	0	0	0	0	8	1	0	0	0	0	0	1	0
SMARCA4	ENSG00000127616	ENST00000643549	protein_coding	0	1	3	10	1	0	0	0	0	0	0	0	9	3	0	0	0	0	0	1	0
SMARCA4	ENSG00000127616	ENST00000643857	protein_coding	0	1	1	9	1	0	0	0	0	0	0	0	8	1	0	0	0	0	0	1	0
SMARCA4	ENSG00000127616	ENST00000643995	protein_coding	0	1	2	11	1	0	0	0	0	0	0	0	9	2	0	0	0	0	0	1	1
SMARCA4	ENSG00000127616	ENST00000644065	protein_coding	0	1	1	11	1	0	0	0	0	0	0	0	8	1	0	0	0	0	0	1	2
SMARCA4	ENSG00000127616	ENST00000644737	protein_coding	0	1	3	10	1	0	0	0	0	0	0	0	9	3	0	0	0	0	0	1	0
SMARCA4	ENSG00000127616	ENST00000644760	protein_coding	0	0	1	2	0	0	0	0	0	2	0	0	0	1	0	0	0	0	0	0	0
SMARCA4	ENSG00000127616	ENST00000644963	protein_coding	0	1	1	11	1	0	0	0	0	0	0	0	8	1	0	0	0	0	0	1	2
SMARCA4	ENSG00000127616	ENST00000645236	protein_coding	0	1	1	6	0	0	0	0	0	0	0	0	5	1	0	0	0	0	0	1	1
SMARCA4	ENSG00000127616	ENST00000645460	protein_coding	0	1	3	10	1	0	0	0	0	0	0	0	9	3	0	0	0	0	0	1	0
SMARCA4	ENSG00000127616	ENST00000646183	protein_coding	0	1	1	9	1	0	0	0	0	0	0	0	8	1	0	0	0	0	0	1	0
SMARCA4	ENSG00000127616	ENST00000646484	protein_coding	0	1	3	10	1	0	0	0	0	0	0	0	9	3	0	0	0	0	0	1	0
SMARCA4	ENSG00000127616	ENST00000646510	protein_coding	0	1	3	10	1	0	0	0	0	0	0	0	9	3	0	0	0	0	0	1	0
SMARCA4	ENSG00000127616	ENST00000646693	protein_coding	0	1	3	10	1	0	0	0	0	0	0	0	9	3	0	0	0	0	0	1	0
SMARCA4	ENSG00000127616	ENST00000646746	protein_coding	0	1	1	9	1	0	0	0	0	0	0	0	8	1	0	0	0	0	0	1	0
SMARCA4	ENSG00000127616	ENST00000647230	protein_coding	0	1	3	10	1	0	0	0	0	0	0	0	9	3	0	0	0	0	0	1	0
SMARCA4	ENSG00000127616	ENST00000647268	protein_coding	0	1	1	9	1	0	0	0	0	0	0	0	8	1	0	0	0	0	0	1	0
STAG2	ENSG00000101972	ENST00000218089	protein_coding	0	0	1	7	0	0	0	0	0	0	0	0	7	1	0	0	1	0	0	0	0
STAG2	ENSG00000101972	ENST00000371144	protein_coding	0	0	1	7	0	0	0	0	0	0	0	0	7	1	0	0	1	0	0	0	0
STAG2	ENSG00000101972	ENST00000371145	protein_coding	0	0	1	7	0	0	0	0	0	0	0	0	7	1	0	0	1	0	0	0	0
STAG2	ENSG00000101972	ENST00000371157	protein_coding	0	0	1	7	0	0	0	0	0	0	0	0	7	1	0	0	1	0	0	0	0
STAG2	ENSG00000101972	ENST00000371160	protein_coding	0	0	1	7	0	0	0	0	0	0	0	0	7	1	0	0	1	0	0	0	0
STAG2	ENSG00000101972	ENST00000687852	protein_coding	0	0	1	7	0	0	0	0	0	0	0	0	7	1	0	0	1	0	0	0	0
STAG2	ENSG00000101972	ENST00000692982	protein_coding	0	0	1	7	0	0	0	0	0	0	0	0	7	1	0	0	1	0	0	0	0
STK11	ENSG00000118046	ENST00000326873	protein_coding	0	0	1	5	0	0	0	0	0	0	0	0	5	1	0	0	0	0	0	0	0
STK11	ENSG00000118046	ENST00000585851	protein_coding	0	0	1	4	0	0	0	0	0	1	0	0	3	1	0	0	0	0	0	0	0
STK11	ENSG00000118046	ENST00000652231	protein_coding	0	0	1	5	0	0	0	0	0	1	0	0	4	1	0	0	0	0	0	0	0
TACC3	ENSG00000013810	ENST00000313288	protein_coding	1	2	1	5	0	0	0	0	0	0	1	0	5	1	0	0	0	0	0	2	0
TACC3	ENSG00000013810	ENST00000470136	protein_coding	1	1	1	4	0	0	0	0	0	2	1	0	1	1	0	0	0	0	0	1	1
TACC3	ENSG00000013810	ENST00000651472	protein_coding	1	2	1	5	0	0	0	0	0	0	1	0	5	1	0	0	0	0	0	2	0
TACC3	ENSG00000013810	ENST00000652770	protein_coding	1	2	1	5	0	0	0	0	0	0	1	0	5	1	0	0	0	0	0	2	0
TFEB	ENSG00000112561	ENST00000230323	protein_coding	0	0	1	2	1	0	0	0	1	0	0	0	1	0	0	0	0	0	0	0	0
TFEB	ENSG00000112561	ENST00000343317	protein_coding	0	0	1	2	1	0	0	0	1	0	0	0	1	0	0	0	0	0	0	0	0
TFEB	ENSG00000112561	ENST00000358871	protein_coding	0	0	1	2	1	0	0	0	1	0	0	0	1	0	0	0	0	0	0	0	0
TFEB	ENSG00000112561	ENST00000373033	protein_coding	0	0	1	2	1	0	0	0	1	0	0	0	1	0	0	0	0	0	0	0	0
TFEB	ENSG00000112561	ENST00000394283	protein_coding	0	0	1	2	0	0	0	0	1	1	0	0	1	0	0	0	0	0	0	0	0
TFEB	ENSG00000112561	ENST00000403298	protein_coding	0	0	1	2	1	0	0	0	1	0	0	0	1	0	0	0	0	0	0	0	0
TFEB	ENSG00000112561	ENST00000406563	protein_coding	0	0	1	2	1	0	0	0	1	0	0	0	1	0	0	0	0	0	0	0	0
TFEB	ENSG00000112561	ENST00000416140	protein_coding	0	0	1	2	1	0	0	0	1	0	0	0	1	0	0	0	0	0	0	0	0
TFEB	ENSG00000112561	ENST00000419396	protein_coding	0	0	1	2	1	0	0	0	1	0	0	0	1	0	0	0	0	0	0	0	0
TFEB	ENSG00000112561	ENST00000419574	protein_coding	0	0	1	2	1	0	0	0	1	0	0	0	1	0	0	0	0	0	0	0	0
TFEB	ENSG00000112561	ENST00000420312	protein_coding	0	0	1	2	1	0	0	0	1	0	0	0	1	0	0	0	0	0	0	0	0
TFEB	ENSG00000112561	ENST00000424495	protein_coding	0	0	1	2	1	0	0	0	1	0	0	0	1	0	0	0	0	0	0	0	0
TFEB	ENSG00000112561	ENST00000445214	protein_coding	0	0	1	2	1	0	0	0	1	0	0	0	1	0	0	0	0	0	0	0	0
TFEB	ENSG00000112561	ENST00000677531	protein_coding	0	0	1	2	1	0	0	0	1	0	0	0	1	0	0	0	0	0	0	0	0
TFEB	ENSG00000112561	ENST00000678831	protein_coding	0	0	1	2	1	0	0	0	1	0	0	0	1	0	0	0	0	0	0	0	0
TSC1	ENSG00000165699	ENST00000298552	protein_coding	0	1	2	1	0	0	0	0	0	0	0	0	1	2	0	0	0	0	0	1	0
TSC1	ENSG00000165699	ENST00000403810	protein_coding	0	0	1	0	0	0	0	0	0	0	0	0	0	1	0	0	0	0	0	0	0
TSC1	ENSG00000165699	ENST00000440111	protein_coding	0	1	2	1	0	0	0	0	0	0	0	0	1	2	0	0	0	0	0	1	0
TSC1	ENSG00000165699	ENST00000475903	protein_coding	0	0	1	0	0	0	0	0	0	0	0	0	0	1	0	0	0	0	0	0	0
TSC1	ENSG00000165699	ENST00000490179	protein_coding	0	0	1	0	0	0	0	0	0	0	0	0	0	1	0	0	0	0	0	0	0
TSC1	ENSG00000165699	ENST00000545250	protein_coding	0	1	2	1	0	0	0	0	0	0	0	0	1	2	0	0	0	0	0	1	0
TSC1	ENSG00000165699	ENST00000642617	protein_coding	0	1	2	1	0	0	0	0	0	0	0	0	1	2	0	0	0	0	0	1	0
TSC1	ENSG00000165699	ENST00000642627	protein_coding	0	1	2	1	0	0	0	0	0	0	0	0	1	2	0	0	0	0	0	1	0
TSC1	ENSG00000165699	ENST00000642646	protein_coding	0	0	1	1	0	0	0	0	0	1	0	0	0	1	0	0	0	0	0	0	0
TSC1	ENSG00000165699	ENST00000642745	protein_coding	0	0	1	1	0	0	0	0	0	1	0	0	0	1	0	0	0	0	0	0	0
TSC1	ENSG00000165699	ENST00000643072	protein_coding	0	1	2	1	0	0	0	0	0	0	0	0	1	2	0	0	0	0	0	1	0
TSC1	ENSG00000165699	ENST00000643362	protein_coding	0	0	1	2	0	0	0	0	0	2	0	0	0	1	0	0	0	0	0	0	0
TSC1	ENSG00000165699	ENST00000643583	protein_coding	0	1	2	1	0	0	0	0	0	0	0	0	1	2	0	0	0	0	0	1	0
TSC1	ENSG00000165699	ENST00000643875	protein_coding	0	1	2	1	0	0	0	0	0	0	0	0	1	2	0	0	0	0	0	1	0
TSC1	ENSG00000165699	ENST00000644097	protein_coding	0	1	2	1	0	0	0	0	0	0	0	0	1	2	0	0	0	0	0	1	0
TSC1	ENSG00000165699	ENST00000644184	protein_coding	0	1	1	1	0	0	0	0	0	0	0	0	1	1	0	0	0	0	0	1	0
TSC1	ENSG00000165699	ENST00000645129	protein_coding	0	0	1	1	0	0	0	0	0	1	0	0	0	1	0	0	0	0	0	0	0
TSC1	ENSG00000165699	ENST00000645150	protein_coding	0	0	1	1	0	0	0	0	0	1	0	0	0	1	0	0	0	0	0	0	0
TSC1	ENSG00000165699	ENST00000646440	protein_coding	0	0	1	0	0	0	0	0	0	0	0	0	0	1	0	0	0	0	0	0	0
TSC1	ENSG00000165699	ENST00000646625	protein_coding	0	1	2	1	0	0	0	0	0	0	0	0	1	2	0	0	0	0	0	1	0
TSC1	ENSG00000165699	ENST00000647078	protein_coding	0	0	1	1	0	0	0	0	0	1	0	0	0	1	0	0	0	0	0	0	0
TSC1	ENSG00000165699	ENST00000647462	protein_coding	0	0	1	1	0	0	0	0	0	1	0	0	0	1	0	0	0	0	0	0	0
TSC2	ENSG00000103197	ENST00000219476	protein_coding	0	2	4	11	0	0	0	0	0	0	0	0	10	4	0	0	0	0	0	2	1
TSC2	ENSG00000103197	ENST00000350773	protein_coding	0	2	4	11	0	0	0	0	0	0	0	0	10	4	0	0	0	0	0	2	1
TSC2	ENSG00000103197	ENST00000382538	protein_coding	0	2	4	11	0	0	0	0	0	0	0	0	10	4	0	0	0	0	0	2	1
TSC2	ENSG00000103197	ENST00000401874	protein_coding	0	2	4	11	0	0	0	0	0	0	0	0	10	4	0	0	0	0	0	2	1
TSC2	ENSG00000103197	ENST00000439673	protein_coding	0	2	4	11	0	0	0	0	0	0	0	0	10	4	0	0	0	0	0	2	1
TSC2	ENSG00000103197	ENST00000568454	protein_coding	0	2	4	11	0	0	0	0	0	0	0	0	10	4	0	0	0	0	0	2	1
TSC2	ENSG00000103197	ENST00000642365	protein_coding	0	2	2	11	0	0	0	0	0	0	0	0	8	2	0	0	0	0	0	2	3
TSC2	ENSG00000103197	ENST00000642561	protein_coding	0	2	4	11	0	0	0	0	0	0	0	0	10	4	0	0	0	0	0	2	1
TSC2	ENSG00000103197	ENST00000642797	protein_coding	0	2	4	11	0	0	0	0	0	0	0	0	10	4	0	0	0	0	0	2	1
TSC2	ENSG00000103197	ENST00000642936	protein_coding	0	2	4	11	0	0	0	0	0	0	0	0	10	4	0	0	0	0	0	2	1
TSC2	ENSG00000103197	ENST00000643088	protein_coding	0	2	4	11	0	0	0	0	0	0	0	0	10	4	0	0	0	0	0	2	1
TSC2	ENSG00000103197	ENST00000643946	protein_coding	0	2	4	11	0	0	0	0	0	0	0	0	10	4	0	0	0	0	0	2	1
TSC2	ENSG00000103197	ENST00000644043	protein_coding	0	2	4	11	0	0	0	0	0	0	0	0	10	4	0	0	0	0	0	2	1
TSC2	ENSG00000103197	ENST00000644329	protein_coding	0	2	4	11	0	0	0	0	0	0	0	0	10	4	0	0	0	0	0	2	1
TSC2	ENSG00000103197	ENST00000644335	protein_coding	0	2	4	11	0	0	0	0	0	0	0	0	10	4	0	0	0	0	0	2	1
TSC2	ENSG00000103197	ENST00000644399	protein_coding	0	2	4	10	0	0	0	0	0	0	0	0	10	4	0	0	0	0	0	2	0
TSC2	ENSG00000103197	ENST00000645186	protein_coding	0	1	1	5	0	0	0	0	0	3	0	0	0	1	0	0	0	0	0	1	2
TSC2	ENSG00000103197	ENST00000646388	protein_coding	0	2	4	11	0	0	0	0	0	0	0	0	10	4	0	0	0	0	0	2	1
VEGFA	ENSG00000112715	ENST00000230480	protein_coding	0	0	1	3	1	0	0	0	0	0	0	0	2	1	0	0	0	0	0	0	0
VEGFA	ENSG00000112715	ENST00000324450	protein_coding	0	0	1	3	0	0	0	0	0	1	0	0	2	1	0	0	0	0	0	0	0
VEGFA	ENSG00000112715	ENST00000372055	protein_coding	0	0	1	3	0	0	0	0	0	1	0	0	2	1	0	0	0	0	0	0	0
VEGFA	ENSG00000112715	ENST00000372064	protein_coding	0	0	1	3	1	0	0	0	0	0	0	0	2	1	0	0	0	0	0	0	0
VEGFA	ENSG00000112715	ENST00000372067	protein_coding	0	0	1	3	1	0	0	0	0	0	0	0	2	1	0	0	0	0	0	0	0
VEGFA	ENSG00000112715	ENST00000372077	protein_coding	0	0	1	3	1	0	0	0	0	0	0	0	2	1	0	0	0	0	0	0	0
VEGFA	ENSG00000112715	ENST00000413642	protein_coding	0	0	1	3	0	0	0	0	0	1	0	0	2	1	0	0	0	0	0	0	0
VEGFA	ENSG00000112715	ENST00000417285	protein_coding	0	0	1	3	0	0	0	0	0	1	0	0	2	1	0	0	0	0	0	0	0
VEGFA	ENSG00000112715	ENST00000425836	protein_coding	0	0	1	3	1	0	0	0	0	0	0	0	2	1	0	0	0	0	0	0	0
VEGFA	ENSG00000112715	ENST00000457104	protein_coding	0	0	1	3	0	0	0	0	0	1	0	0	2	1	0	0	0	0	0	0	0
VEGFA	ENSG00000112715	ENST00000482630	protein_coding	0	0	1	3	0	0	0	0	0	1	0	0	2	1	0	0	0	0	0	0	0
VEGFA	ENSG00000112715	ENST00000518689	protein_coding	0	0	1	3	0	0	0	0	0	1	0	0	2	1	0	0	0	0	0	0	0
VEGFA	ENSG00000112715	ENST00000518824	protein_coding	0	0	1	3	0	0	0	0	0	1	0	0	2	1	0	0	0	0	0	0	0
VEGFA	ENSG00000112715	ENST00000519767	protein_coding	0	0	1	3	0	0	0	0	0	1	0	0	2	1	0	0	0	0	0	0	0
VEGFA	ENSG00000112715	ENST00000520948	protein_coding	0	0	1	3	1	0	0	0	0	0	0	0	2	1	0	0	0	0	0	0	0
VEGFA	ENSG00000112715	ENST00000523125	protein_coding	0	0	1	3	0	0	0	0	0	1	0	0	2	1	0	0	0	0	0	0	0
VEGFA	ENSG00000112715	ENST00000523873	protein_coding	0	0	1	3	0	0	0	0	0	1	0	0	2	1	0	0	0	0	0	0	0
VEGFA	ENSG00000112715	ENST00000523950	protein_coding	0	0	1	3	1	0	0	0	0	0	0	0	2	1	0	0	0	0	0	0	0
VEGFA	ENSG00000112715	ENST00000672860	protein_coding	0	0	1	3	1	0	0	0	0	0	0	0	2	1	0	0	0	0	0	0	0
WRN	ENSG00000165392	ENST00000298139	protein_coding	0	2	2	9	0	0	0	0	1	0	0	0	10	1	0	0	1	0	0	1	0
WT1	ENSG00000184937	ENST00000332351	protein_coding	0	0	1	6	0	0	0	0	0	0	0	0	6	1	0	0	0	0	0	0	0
WT1	ENSG00000184937	ENST00000379079	protein_coding	0	0	1	6	0	0	1	0	0	0	0	0	5	1	0	0	0	0	0	0	0
WT1	ENSG00000184937	ENST00000448076	protein_coding	0	0	1	6	0	0	0	0	0	0	0	0	6	1	0	0	0	0	0	0	0
WT1	ENSG00000184937	ENST00000452863	protein_coding	0	0	1	6	0	0	0	0	0	0	0	0	6	1	0	0	0	0	0	0	0
WT1	ENSG00000184937	ENST00000530998	protein_coding	0	0	1	6	0	0	1	0	0	0	0	0	5	1	0	0	0	0	0	0	0
WT1	ENSG00000184937	ENST00000639563	protein_coding	0	0	1	6	0	0	0	0	0	0	0	0	6	1	0	0	0	0	0	0	0
WT1	ENSG00000184937	ENST00000640146	protein_coding	0	0	1	6	0	0	0	0	0	0	0	0	6	1	0	0	0	0	0	0	0
XRCC1	ENSG00000073050	ENST00000262887	protein_coding	0	3	2	5	0	0	0	0	0	0	0	0	5	2	0	0	1	0	0	3	0
XRCC1	ENSG00000073050	ENST00000543982	protein_coding	0	3	2	5	0	0	0	0	0	0	0	0	5	2	0	0	1	0	0	3	0
